store_id,market,lat,lon,archetype,city_pop,store_size_m2,weekly_revenue_eur
ST0001,DE,52.1934,9.9469,Rural,58193,1200,1400.0
ST0002,DE,50.3756,8.5695,Rural,28176,1200,716.0
ST0003,DE,45.9749,14.3015,Rural,74956,800,2410.0
ST0004,DE,51.1307,15.0374,Rural,18823,3500,826.0
ST0005,DE,49.9966,17.9091,Rural,21585,1200,375.0
ST0006,DE,54.2485,11.792,Rural,2724,1800,39.0
ST0007,DE,52.7474,8.3474,Rural,2921,1200,64.0
ST0008,DE,50.6494,4.2477,Rural,6677,800,223.0
ST0009,DE,51.8625,14.4022,Rural,10734,1800,439.0
ST0010,DE,47.8314,11.8074,Rural,19502,2500,585.0
ST0011,DE,50.4027,10.2565,Rural,2622,1800,63.0
ST0012,DE,51.5807,11.043,Rural,54837,2500,1892.0
ST0013,DE,50.1405,12.5531,Rural,25479,800,1050.0
ST0014,DE,48.5774,7.0188,Rural,10301,800,553.0
ST0015,DE,51.6299,2.4107,Rural,5353,1200,169.0
ST0016,DE,52.1148,10.2425,Rural,36951,1200,797.0
ST0017,DE,53.4856,13.5077,Rural,72153,1800,2284.0
ST0018,DE,52.287,10.6124,Rural,3656,1800,114.0
ST0019,DE,52.4982,5.6085,Rural,49242,1800,1409.0
ST0020,DE,52.5544,17.9893,Rural,39917,1800,1022.0
ST0021,DE,51.7198,13.6273,Rural,3444,2500,107.0
ST0022,DE,54.7772,12.7676,Rural,17210,1800,176.0
ST0023,DE,49.6976,5.9783,Rural,69910,1800,3252.0
ST0024,DE,51.4939,12.6584,Rural,2327,1800,97.0
ST0025,DE,50.6707,21.3807,Rural,56302,1800,1828.0
ST0026,DE,50.5022,12.9245,Rural,1192,1200,33.0
ST0027,DE,49.3479,8.4481,Rural,63905,3500,1044.0
ST0028,DE,49.1459,14.0314,Rural,11226,1200,282.0
ST0029,DE,52.2301,25.9109,Rural,51861,1200,2081.0
ST0030,DE,49.8484,6.8463,Rural,11130,2500,363.0
ST0031,DE,54.3208,11.0142,Rural,50229,2500,1132.0
ST0032,DE,52.0446,5.2683,Rural,1112,3500,47.0
ST0033,DE,48.7994,9.162,Rural,10803,800,295.0
ST0034,DE,55.0472,5.7657,Rural,31053,800,920.0
ST0035,DE,51.1611,6.7696,Rural,3157,1800,131.0
ST0036,DE,51.3683,14.3905,Rural,223398,1800,6538.0
ST0037,DE,55.4661,2.6916,Rural,17541,1800,372.0
ST0038,DE,48.6652,10.9412,Rural,11556,2500,195.0
ST0039,DE,53.104,16.3102,Rural,37911,3500,498.0
ST0040,DE,54.576,8.039,Rural,39112,3500,745.0
ST0041,DE,52.8508,13.754,Rural,156094,1200,4946.0
ST0042,DE,55.2494,7.087,Rural,21559,1800,538.0
ST0043,DE,49.8017,10.4647,Rural,958,1800,36.0
ST0044,DE,51.3205,4.7422,Rural,12391,800,254.0
ST0045,DE,49.7631,9.6462,Rural,35114,1200,725.0
ST0046,DE,48.2161,16.8606,Rural,44688,1800,1549.0
ST0047,DE,48.3088,7.1235,Rural,13163,2500,374.0
ST0048,DE,50.9923,13.8743,Rural,4449,1800,96.0
ST0049,DE,55.5796,7.2668,Rural,6250,1200,108.0
ST0050,DE,49.6576,8.5204,Rural,20450,1800,395.0
ST0051,DE,52.6005,9.9708,Rural,19723,1800,495.0
ST0052,DE,53.665,11.3747,Rural,10651,1800,371.0
ST0053,DE,49.0648,9.9305,Rural,26382,2500,0.0
ST0054,DE,52.9857,8.247,Urban Hub,993398,1800,24213.0
ST0055,DE,47.7383,16.2774,Rural,83207,1800,3203.0
ST0056,DE,47.4322,14.3745,Rural,58023,1200,1623.0
ST0057,DE,47.0651,10.1435,Rural,3112,1800,201.0
ST0058,DE,49.5741,12.7409,Rural,5607,1800,140.0
ST0059,DE,49.569,8.2639,Rural,2562,800,47.0
ST0060,DE,49.3998,10.99,Rural,425147,1200,9679.0
ST0061,DE,50.139,8.1967,Rural,14580,2500,705.0
ST0062,DE,49.631,12.3873,Rural,58489,1200,856.0
ST0063,DE,49.0775,7.8825,Rural,6906,1200,67.0
ST0064,DE,55.5457,16.7513,Rural,50688,800,1591.0
ST0065,DE,53.0524,18.1377,Rural,2703,1200,85.0
ST0066,DE,51.4904,17.6807,Rural,19697,1800,625.0
ST0067,DE,50.0709,6.4918,Rural,33511,1800,1280.0
ST0068,DE,49.4486,9.7081,Rural,45037,800,1630.0
ST0069,DE,52.8714,5.9812,Rural,48761,1800,1450.0
ST0070,DE,52.4876,13.2358,Rural,17733,1800,502.0
ST0071,DE,50.011,12.8533,Rural,13660,1200,563.0
ST0072,DE,47.7854,8.4969,Rural,384818,1200,16004.0
ST0073,DE,51.8539,9.6236,Rural,76428,1200,857.0
ST0074,DE,49.4383,6.9725,Rural,47520,2500,1972.0
ST0075,DE,49.0172,7.232,Rural,212066,2500,5507.0
ST0076,DE,46.807,10.7206,Urban Hub,944616,1800,65293.0
ST0077,DE,52.0269,18.0072,Rural,6900,3500,92.0
ST0078,DE,49.9899,13.5477,Rural,30302,3500,708.0
ST0079,DE,51.6337,12.2685,Rural,32060,800,788.0
ST0080,DE,50.3417,8.6063,Rural,91841,1200,1948.0
ST0081,DE,49.1758,3.8806,Rural,75716,1800,2567.0
ST0082,DE,51.3653,9.7364,Rural,35223,2500,752.0
ST0083,DE,49.1656,12.5667,Rural,6643,1200,101.0
ST0084,DE,47.3775,8.2313,Rural,119770,1800,2971.0
ST0085,DE,50.69,16.516,Rural,413,1800,10.0
ST0086,DE,50.757,7.1854,Rural,87767,800,2859.0
ST0087,DE,51.0216,10.6199,Rural,7656,1800,129.0
ST0088,DE,51.5451,17.3666,Rural,42678,1200,1568.0
ST0089,DE,52.3862,9.2618,Rural,35925,1800,1331.0
ST0090,DE,50.1851,9.1827,Rural,19048,1800,660.0
ST0091,DE,53.1436,10.3762,Rural,13312,1800,374.0
ST0092,DE,50.2611,6.4971,Rural,355381,2500,11601.0
ST0093,DE,52.0165,3.6897,Rural,103128,800,3077.0
ST0094,DE,49.3669,13.3465,Rural,2983,1200,47.0
ST0095,DE,50.504,11.2942,Rural,2561,2500,106.0
ST0096,DE,54.2019,9.9892,Rural,50651,1200,1465.0
ST0097,DE,56.3202,10.1158,Rural,123489,1200,2833.0
ST0098,DE,54.4025,7.3122,Rural,19660,2500,445.0
ST0099,DE,53.3291,10.9784,Rural,74985,1800,2337.0
ST0100,DE,52.6689,9.3667,Rural,26451,2500,621.0
ST0101,DE,49.0379,14.7126,Rural,20757,800,1065.0
ST0102,DE,53.7948,14.109,Rural,1077,1200,32.0
ST0103,DE,52.0251,2.7813,Rural,8300,1800,256.0
ST0104,DE,46.4568,8.7493,Rural,3716,3500,111.0
ST0105,DE,54.3591,8.4086,Rural,11727,1200,280.0
ST0106,DE,52.4733,9.5197,Rural,5856,1200,188.0
ST0107,DE,53.5342,16.9844,Rural,2090,1200,54.0
ST0108,DE,52.343,20.5068,Rural,44552,2500,1496.0
ST0109,DE,50.0956,13.0317,Rural,29863,2500,618.0
ST0110,DE,49.7679,8.0815,Rural,21027,800,451.0
ST0111,DE,52.9682,6.6973,Rural,6239,800,311.0
ST0112,DE,52.841,14.9149,Rural,26872,1800,1309.0
ST0113,DE,53.3333,15.1772,Rural,175122,2500,4592.0
ST0114,DE,52.4778,16.7692,Rural,36851,1800,898.0
ST0115,DE,52.7066,5.099,Rural,207461,1200,5637.0
ST0116,DE,53.4148,12.7287,Rural,7662,800,211.0
ST0117,DE,51.4659,7.6995,Rural,132265,2500,4344.0
ST0118,DE,53.9658,15.0464,Rural,11098,1200,200.0
ST0119,DE,52.4973,14.4492,Rural,118513,2500,3693.0
ST0120,DE,54.2984,6.0337,Rural,3800,800,177.0
ST0121,DE,51.0357,14.9692,Rural,36830,1800,851.0
ST0122,DE,53.0744,9.8535,Rural,2945,1200,102.0
ST0123,DE,48.0172,12.7588,Rural,8502,800,420.0
ST0124,DE,51.0554,14.1073,Rural,149046,800,3965.0
ST0125,DE,54.2068,14.0094,Rural,15812,800,457.0
ST0126,DE,48.9854,14.1772,Rural,50452,1800,1448.0
ST0127,DE,51.9865,13.2258,Rural,9235,1800,403.0
ST0128,DE,52.1283,8.1812,Rural,21244,800,363.0
ST0129,DE,50.5593,12.1967,Rural,48254,800,785.0
ST0130,DE,57.3881,9.7976,Rural,7048,1200,117.0
ST0131,DE,53.0658,13.9926,Rural,1344,2500,112.0
ST0132,DE,52.0244,10.1686,Rural,12584,1200,397.0
ST0133,DE,54.1531,16.0204,Rural,8618,1200,395.0
ST0134,DE,46.5506,7.6852,Rural,17799,1200,522.0
ST0135,DE,48.8889,11.7769,Rural,38615,2500,811.0
ST0136,DE,54.292,7.4322,Rural,7042,1800,245.0
ST0137,DE,48.0868,8.7875,Rural,209219,1200,9529.0
ST0138,DE,46.8922,13.3288,Rural,94414,1200,2382.0
ST0139,DE,51.2968,7.7498,Rural,18099,800,474.0
ST0140,DE,54.4319,18.3867,Rural,15999,1800,514.0
ST0141,DE,53.4164,6.3404,Rural,55224,1200,1455.0
ST0142,DE,48.7621,10.2935,Rural,29580,800,986.0
ST0143,DE,49.0467,13.1736,Rural,4296,1800,63.0
ST0144,DE,53.062,9.162,Rural,30010,1200,621.0
ST0145,DE,52.3948,13.3047,Rural,14096,1200,642.0
ST0146,DE,48.2759,15.1863,Rural,461637,1200,4276.0
ST0147,DE,51.5394,7.6995,Rural,112927,1800,4003.0
ST0148,DE,48.8372,9.9,Rural,1898,1800,20.0
ST0149,DE,51.4084,10.2496,Rural,7108,1800,341.0
ST0150,DE,52.7393,7.1843,Rural,28147,1200,1180.0
ST0151,DE,49.2616,12.7041,Rural,351491,2500,7142.0
ST0152,DE,53.5047,6.4929,Rural,24408,1200,1059.0
ST0153,DE,48.7123,7.7284,Rural,7497,2500,259.0
ST0154,DE,52.0644,5.9315,Rural,15131,1200,512.0
ST0155,DE,48.1261,11.571,Rural,196661,800,6173.0
ST0156,DE,54.993,17.3342,Rural,11863,1800,458.0
ST0157,DE,50.0366,6.441,Rural,8317,1200,291.0
ST0158,DE,49.9962,13.0252,Rural,2132,1200,103.0
ST0159,DE,50.679,17.4073,Rural,25454,3500,982.0
ST0160,DE,48.8205,15.4966,Rural,14042,1200,434.0
ST0161,DE,53.6262,11.0669,Urban Hub,714254,2500,17819.0
ST0162,DE,51.2497,7.7719,Rural,3782,1800,51.0
ST0163,DE,55.5115,5.9742,Rural,77225,1800,503.0
ST0164,DE,51.2564,19.2676,Rural,61143,2500,3387.0
ST0165,DE,50.8501,7.477,Rural,49254,3500,1531.0
ST0166,DE,56.4584,14.1495,Rural,2005,1200,62.0
ST0167,DE,52.2155,10.716,Rural,1474,2500,37.0
ST0168,DE,53.7129,15.076,Rural,1071,3500,24.0
ST0169,DE,49.9732,9.2901,Rural,12304,1800,252.0
ST0170,DE,50.1853,14.3022,Rural,41689,1200,1165.0
ST0171,DE,53.6156,9.2334,Rural,82286,1200,2406.0
ST0172,DE,53.9353,6.5262,Rural,52527,1200,2232.0
ST0173,DE,51.4392,6.6077,Rural,132568,800,5130.0
ST0174,DE,53.6119,9.2716,Rural,102665,1800,2186.0
ST0175,DE,51.0233,14.1854,Rural,182745,1800,7040.0
ST0176,DE,50.939,8.0826,Rural,19658,800,560.0
ST0177,DE,53.6008,7.8724,Rural,4580,1200,181.0
ST0178,DE,49.765,10.6191,Rural,6173,1800,177.0
ST0179,DE,51.7624,6.7975,Rural,57672,1800,1519.0
ST0180,DE,49.066,10.3529,Rural,4803,1800,150.0
ST0181,DE,49.1104,2.6346,Rural,481331,1200,14183.0
ST0182,DE,51.1948,13.4847,Rural,12832,2500,185.0
ST0183,DE,52.9772,13.4378,Rural,4636,2500,134.0
ST0184,DE,51.8281,8.0916,Rural,33191,2500,1477.0
ST0185,DE,51.6815,20.9067,Rural,51444,800,1548.0
ST0186,DE,50.7342,15.8072,Rural,31905,800,956.0
ST0187,DE,51.7213,4.898,Rural,64845,1800,2791.0
ST0188,DE,51.3662,11.75,Rural,35560,800,1304.0
ST0189,DE,54.6539,8.9015,Rural,30854,1800,933.0
ST0190,DE,50.6882,17.6686,Rural,24875,1800,775.0
ST0191,DE,49.9504,13.8114,Rural,21794,800,858.0
ST0192,DE,53.8131,6.8819,Rural,13979,1200,565.0
ST0193,DE,49.1516,17.9164,Rural,137523,1800,4977.0
ST0194,DE,54.5511,17.2192,Rural,66326,1200,1484.0
ST0195,DE,48.9772,10.2934,Rural,29987,2500,801.0
ST0196,DE,52.8259,6.6838,Rural,5268,2500,56.0
ST0197,DE,46.3515,14.0362,Rural,66520,1800,1271.0
ST0198,DE,53.0534,12.4494,Rural,50668,1200,2800.0
ST0199,DE,48.5337,20.1592,Rural,24834,1200,596.0
ST0200,DE,55.0294,14.5483,Rural,716,800,14.0
ST0201,DE,52.0731,14.1157,Rural,636,1800,23.0
ST0202,DE,49.5701,1.9675,Rural,20851,2500,823.0
ST0203,DE,50.4791,12.5457,Rural,35461,1800,590.0
ST0204,DE,49.3563,15.5583,Rural,10995,1200,87.0
ST0205,DE,53.0385,7.8274,Rural,365838,1800,1445.0
ST0206,DE,51.6255,4.2373,Rural,154296,1200,5435.0
ST0207,DE,50.8009,5.8472,Rural,7304,800,159.0
ST0208,DE,51.8062,11.9701,Rural,8740,1800,209.0
ST0209,DE,51.5888,9.0873,Rural,36597,2500,891.0
ST0210,DE,53.3664,13.447,Rural,9410,1800,337.0
ST0211,DE,49.8746,2.3813,Rural,69243,1800,2307.0
ST0212,DE,52.5329,9.2297,Rural,7996,2500,125.0
ST0213,DE,51.4528,18.2557,Rural,4912,2500,200.0
ST0214,DE,51.8003,11.6288,Rural,67497,1800,1563.0
ST0215,DE,51.7059,10.2462,Rural,16625,1200,628.0
ST0216,DE,52.1904,10.6555,Rural,27763,1200,1391.0
ST0217,DE,50.7531,9.1027,Rural,21394,2500,705.0
ST0218,DE,52.7888,12.7366,Urban Hub,646501,1800,23692.0
ST0219,DE,51.8951,15.154,Rural,32785,800,803.0
ST0220,DE,52.951,8.9457,Rural,5841,1800,174.0
ST0221,DE,51.3509,4.0921,Rural,15228,3500,348.0
ST0222,DE,51.1604,8.0056,Rural,2157,800,34.0
ST0223,DE,52.1041,5.5398,Rural,5758,1800,174.0
ST0224,DE,47.6115,4.6972,Rural,13696,1200,337.0
ST0225,DE,50.5619,7.3159,Rural,110637,1800,4034.0
ST0226,DE,49.7813,11.8754,Rural,69796,2500,1188.0
ST0227,DE,49.7834,11.8713,Rural,6320,800,240.0
ST0228,DE,52.9158,15.0379,Rural,6511,1200,131.0
ST0229,DE,52.6164,11.4329,Rural,92014,1800,3163.0
ST0230,DE,53.0351,0.6904,Rural,227966,800,5831.0
ST0231,DE,52.9109,15.6493,Rural,44643,1200,1407.0
ST0232,DE,53.3024,8.2525,Rural,3002,1200,36.0
ST0233,DE,53.8087,3.85,Rural,103654,1800,3362.0
ST0234,DE,52.0611,1.1019,Rural,36379,1800,1835.0
ST0235,DE,54.9828,8.6516,Rural,20558,3500,394.0
ST0236,DE,50.8854,9.9059,Rural,66475,1800,1352.0
ST0237,DE,52.5939,9.1647,Rural,127987,800,3747.0
ST0238,DE,47.5888,8.435,Rural,7984,1200,259.0
ST0239,DE,51.3222,12.4758,Rural,93165,3500,3344.0
ST0240,DE,49.8918,6.8917,Rural,108116,1200,2525.0
ST0241,DE,56.4887,4.4881,Rural,32228,1800,706.0
ST0242,DE,55.1358,10.5751,Rural,58721,1800,1314.0
ST0243,DE,52.4796,7.5989,Rural,31593,1200,655.0
ST0244,DE,47.7751,16.5701,Rural,280125,800,14034.0
ST0245,DE,52.3871,-1.2616,Rural,58915,2500,2225.0
ST0246,DE,53.8164,8.3869,Rural,100826,800,5187.0
ST0247,DE,52.2301,13.3626,Rural,41442,2500,1142.0
ST0248,DE,51.8262,16.6584,Rural,7752,800,143.0
ST0249,DE,47.4128,11.3532,Rural,22066,1200,496.0
ST0250,DE,53.6714,12.206,Rural,13245,1200,335.0
ST0251,DE,48.1184,9.9699,Rural,24793,1200,1165.0
ST0252,DE,49.5012,9.9529,Rural,112955,1800,3805.0
ST0253,DE,52.1527,12.5219,Rural,108046,2500,2763.0
ST0254,DE,52.8245,7.8724,Rural,2191,1800,99.0
ST0255,DE,50.654,7.3898,Rural,65711,1800,870.0
ST0256,DE,52.1208,13.4523,Rural,26012,1200,1187.0
ST0257,DE,51.3773,11.2893,Rural,8721,1800,69.0
ST0258,DE,53.4234,11.6525,Rural,6305,2500,221.0
ST0259,DE,50.4588,18.9152,Rural,14624,2500,428.0
ST0260,DE,50.5202,20.3688,Rural,4971,1800,153.0
ST0261,DE,50.7428,6.5226,Rural,471,2500,22.0
ST0262,DE,50.0982,3.7153,Rural,13456,800,368.0
ST0263,DE,53.1617,7.5311,Rural,860,1800,47.0
ST0264,DE,51.4622,12.5795,Rural,406526,1800,13707.0
ST0265,DE,50.9935,3.9272,Rural,16919,1800,937.0
ST0266,DE,55.1632,7.8167,Rural,56644,1800,2991.0
ST0267,DE,51.8514,9.0217,Rural,3142,1800,111.0
ST0268,DE,51.3246,14.9581,Rural,117116,1200,4382.0
ST0269,DE,55.2472,10.5272,Rural,16563,2500,417.0
ST0270,DE,48.0865,10.2696,Rural,118759,3500,4491.0
ST0271,DE,51.2959,11.8274,Rural,11664,1200,220.0
ST0272,DE,54.3665,14.6999,Rural,13675,1800,573.0
ST0273,DE,54.1682,11.9225,Rural,13772,2500,469.0
ST0274,DE,52.1372,16.0506,Rural,24322,1800,572.0
ST0275,DE,49.684,4.2346,Rural,2933,800,96.0
ST0276,DE,48.3205,3.1387,Rural,246534,1200,9958.0
ST0277,DE,51.4118,12.8377,Rural,427051,1200,13734.0
ST0278,DE,50.8956,9.2362,Rural,115231,1800,3004.0
ST0279,DE,50.0986,6.3951,Rural,12716,1200,377.0
ST0280,DE,51.0215,14.0977,Rural,67297,2500,1790.0
ST0281,DE,50.1916,10.1739,Rural,37105,1800,874.0
ST0282,DE,52.4912,14.4799,Rural,17261,1800,444.0
ST0283,DE,49.0754,5.7069,Rural,80450,800,1451.0
ST0284,DE,54.3379,9.086,Rural,4641,1200,145.0
ST0285,DE,52.5009,4.4877,Rural,106715,1800,2989.0
ST0286,DE,50.838,9.4022,Rural,30655,1200,690.0
ST0287,DE,53.3164,14.2502,Rural,56977,1200,2654.0
ST0288,DE,50.7595,11.5242,Rural,13563,1200,488.0
ST0289,DE,52.2013,10.6991,Rural,22261,1800,813.0
ST0290,DE,53.2222,4.5434,Rural,100949,1200,5614.0
ST0291,DE,51.3395,7.9409,Rural,4896,1200,146.0
ST0292,DE,53.0962,7.5858,Rural,3238,1200,70.0
ST0293,DE,51.52,12.5071,Rural,117724,2500,3933.0
ST0294,DE,50.6655,12.0527,Rural,23343,1200,517.0
ST0295,DE,49.543,7.8489,Rural,1601,1800,28.0
ST0296,DE,51.8898,17.5628,Rural,8588,1200,195.0
ST0297,DE,52.8376,16.6517,Rural,4089,800,147.0
ST0298,DE,54.0607,11.0682,Rural,10390,1800,316.0
ST0299,DE,50.4292,12.1818,Rural,6023,800,198.0
ST0300,DE,53.8933,11.5554,Rural,2238,800,83.0
ST0301,DE,49.6325,7.7378,Rural,5573,1200,122.0
ST0302,DE,54.4684,4.5874,Rural,4035,3500,156.0
ST0303,DE,54.034,13.2254,Rural,27764,2500,428.0
ST0304,DE,53.3485,8.8184,Rural,170063,1200,5473.0
ST0305,DE,50.1009,13.9384,Rural,12324,1800,323.0
ST0306,DE,49.187,10.3852,Rural,17490,1800,543.0
ST0307,DE,49.8113,11.8199,Rural,4857,1200,70.0
ST0308,DE,51.511,10.9427,Rural,26596,1200,392.0
ST0309,DE,50.7404,7.0944,Rural,28647,1800,831.0
ST0310,DE,47.0518,9.6488,Rural,20825,1200,312.0
ST0311,DE,51.4242,17.4786,Rural,14450,1800,265.0
ST0312,DE,49.1592,8.4664,Rural,8175,3500,209.0
ST0313,DE,48.028,2.9803,Rural,364560,2500,12218.0
ST0314,DE,53.9689,10.3312,Rural,399176,1800,11010.0
ST0315,DE,50.9358,11.207,Rural,392,1800,15.0
ST0316,DE,50.7533,13.404,Rural,5372,1800,198.0
ST0317,DE,51.0938,15.3943,Rural,114085,1800,2816.0
ST0318,DE,51.179,17.5303,Rural,4401,3500,113.0
ST0319,DE,50.8121,7.8468,Rural,14155,3500,419.0
ST0320,DE,50.6335,16.6844,Rural,74363,1800,1012.0
ST0321,DE,50.797,10.4739,Rural,54078,800,970.0
ST0322,DE,56.7002,15.8535,Rural,4046,1200,84.0
ST0323,DE,51.912,11.372,Rural,49618,2500,1304.0
ST0324,DE,53.3216,17.0621,Rural,8238,1200,86.0
ST0325,DE,51.2312,14.1091,Rural,5644,1800,209.0
ST0326,DE,56.0396,15.7794,Rural,65561,1200,1173.0
ST0327,DE,48.1481,12.9715,Rural,105532,1800,3513.0
ST0328,DE,50.1852,3.7002,Rural,14926,1800,393.0
ST0329,DE,52.5583,9.2918,Rural,13437,1200,358.0
ST0330,DE,52.3799,20.2978,Rural,3772,800,65.0
ST0331,DE,47.5759,13.0621,Rural,3633,800,99.0
ST0332,DE,50.3985,9.6815,Rural,22186,1800,785.0
ST0333,DE,50.4972,16.7537,Rural,6453,1800,214.0
ST0334,DE,48.1859,8.4504,Rural,615400,2500,2821.0
ST0335,DE,51.0677,7.8876,Rural,131173,800,4205.0
ST0336,DE,50.2273,16.9336,Rural,37513,1800,1381.0
ST0337,DE,50.5297,11.8694,Rural,226667,1800,8457.0
ST0338,DE,51.4689,11.3583,Rural,94233,1800,4358.0
ST0339,DE,49.5851,9.904,Rural,89085,1800,3226.0
ST0340,DE,50.1931,8.0872,Rural,8477,1800,356.0
ST0341,DE,50.7883,7.5137,Rural,16896,3500,509.0
ST0342,DE,51.2411,12.6732,Rural,3544,1800,146.0
ST0343,DE,52.9624,8.979,Rural,1239,1800,31.0
ST0344,DE,53.216,10.9658,Rural,18928,2500,488.0
ST0345,DE,54.6777,9.215,Rural,344150,1800,10678.0
ST0346,DE,50.4959,18.9233,Rural,12213,1200,502.0
ST0347,DE,50.1477,2.6428,Rural,10537,2500,319.0
ST0348,DE,54.655,9.445,Rural,99109,1800,3193.0
ST0349,DE,49.9842,8.3435,Rural,9677,1800,96.0
ST0350,DE,52.8015,15.453,Rural,5910,1800,191.0
ST0351,DE,50.4787,12.6557,Rural,34347,1200,585.0
ST0352,DE,51.6998,6.501,Rural,6800,2500,131.0
ST0353,DE,49.9863,12.3307,Rural,357,1800,10.0
ST0354,DE,54.9051,15.0239,Rural,67874,1800,2029.0
ST0355,DE,49.8983,10.5074,Rural,23968,2500,499.0
ST0356,DE,47.1061,11.0248,Rural,25075,1200,1151.0
ST0357,DE,49.7381,13.5317,Rural,61590,2500,952.0
ST0358,DE,54.3292,9.513,Rural,10906,3500,266.0
ST0359,DE,52.59,4.6511,Rural,3795,1800,131.0
ST0360,DE,50.7094,8.2593,Rural,1060,1800,47.0
ST0361,DE,47.921,8.9301,Rural,98209,3500,2581.0
ST0362,DE,50.3388,13.6904,Rural,5012,1200,92.0
ST0363,DE,55.3513,9.0109,Rural,75896,1200,2152.0
ST0364,DE,50.9719,13.8584,Rural,5150,2500,156.0
ST0365,DE,49.551,8.0656,Rural,9962,2500,209.0
ST0366,DE,51.1237,11.7776,Rural,26741,1200,520.0
ST0367,DE,50.6454,13.3606,Rural,79084,800,2058.0
ST0368,DE,54.5216,13.1589,Rural,25246,800,964.0
ST0369,DE,54.2328,12.9085,Rural,24539,1200,840.0
ST0370,DE,54.381,8.6613,Rural,2233,800,76.0
ST0371,DE,48.1589,9.5643,Rural,2631,1800,76.0
ST0372,DE,52.0402,10.8228,Rural,8545,1800,252.0
ST0373,DE,53.6005,8.6474,Rural,11882,1200,390.0
ST0374,DE,48.3374,9.7969,Rural,40635,3500,817.0
ST0375,DE,50.9304,7.6738,Rural,32859,800,1432.0
ST0376,DE,49.0168,7.9527,Rural,1357,1800,37.0
ST0377,DE,48.7957,8.9173,Rural,35460,1200,970.0
ST0378,DE,51.7624,6.9923,Rural,4137,1800,88.0
ST0379,DE,55.1797,11.9038,Rural,252602,2500,3934.0
ST0380,DE,51.241,11.7225,Rural,1960,1200,57.0
ST0381,DE,49.4722,15.6179,Rural,105091,800,5654.0
ST0382,DE,50.7166,1.149,Rural,2835,1800,55.0
ST0383,DE,46.7037,15.5453,Rural,13470,1200,383.0
ST0384,DE,53.7653,8.6599,Rural,5277,2500,143.0
ST0385,DE,50.9212,13.4586,Rural,1256,1800,20.0
ST0386,DE,54.0249,10.0189,Rural,22565,1200,594.0
ST0387,DE,49.9396,10.7797,Rural,135315,1200,1951.0
ST0388,DE,52.9147,6.7715,Rural,3522,1200,82.0
ST0389,DE,48.7251,10.9376,Rural,161613,2500,5820.0
ST0390,DE,47.7264,10.187,Rural,19270,1800,615.0
ST0391,DE,52.2468,9.1977,Rural,13783,800,470.0
ST0392,DE,51.9101,6.6838,Rural,25987,1200,787.0
ST0393,DE,52.9859,17.8185,Rural,11914,2500,221.0
ST0394,DE,53.4118,19.4041,Rural,22390,2500,613.0
ST0395,DE,52.5269,7.603,Rural,53077,800,1080.0
ST0396,DE,50.512,10.3891,Rural,12616,1800,343.0
ST0397,DE,49.5063,15.4985,Rural,70899,800,2299.0
ST0398,DE,51.9769,16.6175,Rural,19092,1200,726.0
ST0399,DE,54.4444,18.3046,Rural,6907,2500,254.0
ST0400,DE,52.6038,13.9946,Rural,10447,800,416.0
ST0401,DE,53.5735,16.2453,Rural,15410,1800,496.0
ST0402,DE,50.5707,5.1074,Rural,87890,1800,2015.0
ST0403,DE,51.2497,9.2982,Rural,54863,2500,2183.0
ST0404,DE,46.3843,7.3172,Rural,16717,1200,360.0
ST0405,DE,48.8933,15.0493,Rural,36600,1800,1296.0
ST0406,DE,49.9508,10.9715,Rural,17034,1200,649.0
ST0407,DE,50.6079,9.5394,Urban Hub,1016656,2500,38854.0
ST0408,DE,52.0825,12.0208,Rural,16824,1200,377.0
ST0409,DE,54.3797,12.7963,Rural,179762,3500,7456.0
ST0410,DE,50.8595,17.4092,Rural,30677,1800,1020.0
ST0411,DE,46.6875,5.7862,Rural,30547,1200,860.0
ST0412,DE,49.7559,11.7323,Rural,21045,800,1055.0
ST0413,DE,51.0451,5.7188,Rural,194150,2500,4118.0
ST0414,DE,51.3539,16.5026,Rural,86034,1200,2910.0
ST0415,DE,51.4478,7.3332,Rural,16212,2500,783.0
ST0416,DE,48.1144,2.5347,Rural,32557,800,0.0
ST0417,DE,52.1829,12.779,Rural,29531,1200,1238.0
ST0418,DE,54.0145,12.0948,Rural,10573,800,481.0
ST0419,DE,50.8501,6.2204,Rural,3304,800,98.0
ST0420,DE,51.6529,8.7968,Rural,44652,1200,1505.0
ST0421,DE,52.0884,14.9053,Rural,44347,1200,1208.0
ST0422,DE,51.1184,8.8635,Rural,21423,2500,727.0
ST0423,DE,50.015,11.4399,Rural,3552,1800,144.0
ST0424,DE,50.5328,7.1843,Rural,8668,800,340.0
ST0425,DE,51.5134,14.5941,Rural,28650,1800,677.0
ST0426,DE,47.3015,13.0807,Rural,67338,3500,2330.0
ST0427,DE,50.5324,6.4509,Rural,6741,1200,173.0
ST0428,DE,54.1004,14.3107,Rural,343036,1200,9867.0
ST0429,DE,52.1924,8.3587,Rural,47441,1200,1589.0
ST0430,DE,53.7408,8.651,Rural,85941,1200,1783.0
ST0431,DE,50.0052,14.8116,Rural,9594,1200,230.0
ST0432,DE,52.7686,18.3739,Rural,11181,800,675.0
ST0433,DE,50.0364,5.8045,Rural,16368,1800,516.0
ST0434,DE,48.757,8.0342,Rural,4887,2500,188.0
ST0435,DE,52.4297,17.6146,Rural,59007,800,640.0
ST0436,DE,52.3355,7.2577,Rural,1629,800,54.0
ST0437,DE,50.9737,5.3031,Rural,31231,1200,622.0
ST0438,DE,52.9014,6.2763,Rural,21526,2500,726.0
ST0439,DE,51.4887,13.8066,Rural,9336,2500,234.0
ST0440,DE,54.561,12.7409,Rural,6531,1200,229.0
ST0441,DE,53.3368,12.9165,Rural,697639,2500,16336.0
ST0442,DE,49.357,8.9341,Rural,17343,1200,344.0
ST0443,DE,49.5865,3.7293,Rural,50998,1200,1282.0
ST0444,DE,52.1711,16.0567,Rural,74356,1800,2205.0
ST0445,DE,48.1144,7.969,Rural,53887,2500,1160.0
ST0446,DE,52.0177,15.4509,Rural,174268,1200,5224.0
ST0447,DE,50.4453,13.3691,Rural,9438,800,248.0
ST0448,DE,50.3936,7.489,Rural,6746,2500,146.0
ST0449,DE,52.6628,12.8617,Rural,17796,2500,550.0
ST0450,DE,49.8879,16.3962,Rural,162329,1800,4943.0
ST0451,DE,51.8778,9.1635,Rural,2930,1800,69.0
ST0452,DE,46.405,12.3011,Rural,30606,800,659.0
ST0453,DE,53.3303,16.3105,Rural,5572,2500,123.0
ST0454,DE,51.416,9.9333,Rural,3330,1200,85.0
ST0455,DE,48.0931,17.4835,Rural,179678,2500,5519.0
ST0456,DE,49.8344,15.3788,Rural,72703,2500,1785.0
ST0457,DE,50.4588,5.1078,Rural,7540,1800,280.0
ST0458,DE,49.2126,6.2406,Rural,6692,1800,169.0
ST0459,DE,50.0521,14.8729,Rural,383329,2500,13742.0
ST0460,DE,50.2006,13.0891,Rural,1355,3500,39.0
ST0461,DE,52.5294,8.2883,Rural,98986,3500,1530.0
ST0462,DE,50.978,8.0293,Rural,3392,1800,93.0
ST0463,DE,49.0873,6.266,Rural,5536,2500,113.0
ST0464,DE,48.6184,7.9526,Rural,41336,1800,211.0
ST0465,DE,49.2133,6.4365,Rural,2744,1200,115.0
ST0466,DE,48.4771,12.4118,Rural,101541,1800,1852.0
ST0467,DE,50.193,10.1215,Rural,18011,1800,538.0
ST0468,DE,53.7847,8.772,Urban Hub,729879,1200,22407.0
ST0469,DE,50.795,8.3868,Rural,104206,1800,2560.0
ST0470,DE,51.8317,12.3418,Rural,19746,1800,1145.0
ST0471,DE,50.2252,12.6346,Rural,182648,1200,1130.0
ST0472,DE,48.5733,11.0235,Rural,7273,1200,250.0
ST0473,DE,50.2961,7.3426,Rural,21794,2500,655.0
ST0474,DE,54.4381,6.6269,Rural,73155,1800,1719.0
ST0475,DE,50.7075,12.8828,Rural,160967,800,7586.0
ST0476,DE,51.4207,10.4657,Rural,1114,2500,25.0
ST0477,DE,51.0718,12.6452,Rural,817,1800,24.0
ST0478,DE,49.3277,12.5264,Rural,43316,2500,2001.0
ST0479,DE,50.9511,8.2239,Rural,9590,1800,198.0
ST0480,DE,52.5141,11.4186,Rural,5525,1200,178.0
ST0481,DE,53.0992,10.2623,Rural,356202,1800,9681.0
ST0482,DE,50.9994,10.3782,Rural,18889,1800,254.0
ST0483,DE,54.2374,13.1336,Rural,1351,1800,17.0
ST0484,DE,53.2518,11.4694,Rural,2924,800,103.0
ST0485,DE,50.64,5.3839,Rural,47712,800,1584.0
ST0486,DE,51.443,12.5298,Rural,77159,3500,2506.0
ST0487,DE,47.8211,11.2733,Rural,12700,1800,505.0
ST0488,DE,52.9783,7.1627,Rural,52847,1800,475.0
ST0489,DE,51.6858,2.1716,Rural,50499,2500,1666.0
ST0490,DE,52.4218,9.0935,Rural,34308,1800,692.0
ST0491,DE,52.3937,9.5708,Rural,23014,800,749.0
ST0492,DE,50.159,9.1297,Rural,1558,800,49.0
ST0493,DE,51.2453,4.8777,Rural,5026,1200,68.0
ST0494,DE,54.7012,9.5996,Rural,6225,1800,161.0
ST0495,DE,50.6474,7.2358,Rural,30519,2500,1116.0
ST0496,DE,47.5479,12.3301,Rural,80049,1200,1823.0
ST0497,DE,51.1554,7.7445,Rural,29945,800,497.0
ST0498,DE,51.2735,11.9449,Rural,30816,1800,1229.0
ST0499,DE,51.4483,13.3391,Rural,30675,2500,1041.0
ST0500,DE,49.4772,6.8364,Rural,3992,2500,190.0
ST0501,DE,52.344,7.6811,Rural,2194,3500,60.0
ST0502,DE,47.9925,8.9126,Rural,44494,1200,1475.0
ST0503,DE,51.0825,8.4799,Rural,24816,1800,924.0
ST0504,DE,51.7811,7.9884,Rural,287,1800,5.0
ST0505,DE,50.9357,10.7891,Rural,2320,3500,53.0
ST0506,DE,48.5619,14.4357,Rural,39779,1200,2198.0
ST0507,DE,49.0316,18.967,Rural,6242,1200,116.0
ST0508,DE,51.8789,17.6853,Rural,72800,800,1347.0
ST0509,DE,50.9784,8.947,Rural,20254,2500,274.0
ST0510,DE,51.7941,13.2736,Rural,19268,1800,248.0
ST0511,DE,46.8026,15.7785,Rural,15142,1200,405.0
ST0512,DE,51.2202,15.2766,Rural,230512,2500,3989.0
ST0513,DE,50.2317,6.635,Rural,16931,1800,312.0
ST0514,DE,50.5382,15.8512,Rural,5189,1200,125.0
ST0515,DE,48.5824,18.2376,Rural,17328,3500,525.0
ST0516,DE,51.3797,13.2154,Rural,21401,3500,411.0
ST0517,DE,49.2289,6.621,Rural,25998,1200,763.0
ST0518,DE,50.7242,4.6562,Rural,8328,2500,202.0
ST0519,DE,50.5215,3.9298,Rural,113314,2500,3075.0
ST0520,DE,49.9977,11.5608,Rural,8354,1200,102.0
ST0521,DE,51.2504,4.3275,Rural,28182,2500,1020.0
ST0522,DE,51.9101,9.2643,Rural,2045,800,59.0
ST0523,DE,50.438,12.6851,Rural,7147,2500,240.0
ST0524,DE,50.4991,8.2002,Rural,12982,1200,285.0
ST0525,DE,47.1564,10.0949,Rural,8976,1800,332.0
ST0526,DE,52.3841,9.0834,Rural,104899,1800,3458.0
ST0527,DE,50.9219,15.3204,Rural,11343,800,288.0
ST0528,DE,49.5711,6.5298,Rural,89415,1200,2406.0
ST0529,DE,49.94,13.4278,Rural,16393,1200,288.0
ST0530,DE,52.1964,13.0849,Rural,3253,2500,72.0
ST0531,DE,50.2686,3.3477,Rural,89134,800,1568.0
ST0532,DE,54.7992,5.2615,Rural,1155,2500,20.0
ST0533,DE,49.8922,10.6093,Rural,20515,2500,656.0
ST0534,DE,49.9178,3.2841,Rural,45384,800,1400.0
ST0535,DE,50.3797,11.6379,Rural,104056,2500,4287.0
ST0536,DE,50.1022,2.9143,Rural,21777,2500,448.0
ST0537,DE,51.7906,7.394,Rural,27880,1800,1010.0
ST0538,DE,48.2623,15.1754,Rural,11865,800,467.0
ST0539,DE,48.4057,15.3883,Rural,35643,3500,568.0
ST0540,DE,51.9178,22.3524,Rural,110579,1200,2334.0
ST0541,DE,52.2818,14.0047,Rural,8082,1800,181.0
ST0542,DE,52.2701,14.6557,Rural,48813,1200,1759.0
ST0543,DE,50.556,10.9352,Rural,98918,3500,3107.0
ST0544,DE,52.4172,21.6051,Rural,23377,1200,304.0
ST0545,DE,47.3265,7.4546,Rural,5899,2500,192.0
ST0546,DE,48.7064,9.9774,Rural,51465,1800,1212.0
ST0547,DE,53.3893,3.6654,Rural,67549,1800,1910.0
ST0548,DE,53.1612,6.1144,Rural,113761,1800,5787.0
ST0549,DE,53.79,12.6769,Rural,78331,1800,2516.0
ST0550,DE,51.0614,13.1239,Rural,62031,2500,1047.0
ST0551,DE,51.2078,16.9887,Rural,3446,1800,153.0
ST0552,DE,51.1718,9.8653,Rural,144141,800,3969.0
ST0553,DE,52.5155,10.2219,Rural,3712,800,101.0
ST0554,DE,56.5848,6.5766,Rural,23148,1200,176.0
ST0555,DE,55.1456,12.1607,Rural,103863,800,2238.0
ST0556,DE,51.2672,3.1012,Rural,5891,1800,138.0
ST0557,DE,51.6334,9.2866,Rural,15862,1800,385.0
ST0558,DE,51.0414,8.5841,Urban Hub,686812,1800,27627.0
ST0559,DE,54.0997,4.7955,Rural,33438,3500,1603.0
ST0560,DE,49.5301,9.658,Rural,18037,3500,696.0
ST0561,DE,52.8178,8.1622,Rural,7157,1200,263.0
ST0562,DE,51.7508,15.551,Rural,82058,2500,2722.0
ST0563,DE,49.6609,12.6892,Rural,170437,800,2509.0
ST0564,DE,50.5239,8.9258,Rural,86248,1200,2898.0
ST0565,DE,49.0157,9.4853,Rural,13124,1200,482.0
ST0566,DE,49.4616,5.5957,Rural,151709,1800,5163.0
ST0567,DE,54.5095,8.1533,Rural,268625,3500,4425.0
ST0568,DE,47.2391,11.0213,Rural,7506,1800,125.0
ST0569,DE,52.2464,5.6187,Rural,1068,1200,44.0
ST0570,DE,50.1629,6.196,Rural,242,800,8.0
ST0571,DE,49.3791,18.9285,Rural,7808,1800,193.0
ST0572,DE,53.1264,16.1572,Rural,80367,1800,1580.0
ST0573,DE,52.5855,14.9233,Rural,80190,1800,2383.0
ST0574,DE,48.1875,12.0914,Rural,101209,3500,2762.0
ST0575,DE,50.6118,11.5833,Rural,42201,800,1417.0
ST0576,DE,52.8194,10.1897,Rural,24613,2500,806.0
ST0577,DE,52.0193,11.9279,Rural,24882,1800,716.0
ST0578,DE,48.135,10.6078,Rural,37625,1800,1215.0
ST0579,DE,47.134,18.9494,Rural,6735,800,182.0
ST0580,DE,50.1131,15.0272,Rural,26167,3500,470.0
ST0581,DE,48.47,13.306,Rural,47968,3500,1712.0
ST0582,DE,53.4203,14.5798,Rural,50114,2500,946.0
ST0583,DE,51.9836,7.8566,Rural,32081,2500,648.0
ST0584,DE,48.882,13.3381,Rural,55638,800,705.0
ST0585,DE,53.2588,13.6868,Rural,22533,1200,240.0
ST0586,DE,46.8333,15.8451,Rural,38942,2500,1149.0
ST0587,DE,50.9974,2.1299,Rural,2303,1800,125.0
ST0588,DE,50.5788,9.6971,Rural,3346,1800,77.0
ST0589,DE,52.214,10.2704,Rural,2715,1800,107.0
ST0590,DE,50.0419,10.238,Rural,1988,1200,45.0
ST0591,DE,50.5168,13.9688,Rural,5380,1200,151.0
ST0592,DE,50.5403,11.3819,Rural,4942,1800,159.0
ST0593,DE,52.9375,5.7547,Rural,53198,1800,1347.0
ST0594,DE,52.3977,9.6997,Rural,32017,1200,568.0
ST0595,DE,50.8873,16.1141,Rural,6512,800,169.0
ST0596,DE,50.455,6.609,Rural,47633,800,2516.0
ST0597,DE,51.4614,9.9339,Rural,10789,1800,246.0
ST0598,DE,52.918,8.9841,Rural,1334,1800,27.0
ST0599,DE,50.2938,8.5264,Rural,81064,1800,1923.0
ST0600,DE,50.7117,8.9291,Rural,15497,3500,490.0
ST0601,DE,52.4649,8.6033,Rural,6921,1800,255.0
ST0602,DE,52.7882,14.6429,Rural,8170,1200,233.0
ST0603,DE,50.336,12.0115,Rural,2793,2500,49.0
ST0604,DE,53.5837,10.695,Rural,783,1200,21.0
ST0605,DE,53.9022,15.671,Rural,267158,1200,8032.0
ST0606,DE,51.4773,6.5945,Rural,3606,1800,84.0
ST0607,DE,50.4654,9.3984,Rural,16717,1800,528.0
ST0608,DE,53.6894,15.4412,Rural,16968,1200,903.0
ST0609,DE,52.7798,14.3783,Rural,35964,800,936.0
ST0610,DE,49.489,14.5406,Rural,3583,2500,75.0
ST0611,DE,50.0921,15.7349,Rural,983,1200,38.0
ST0612,DE,53.2026,6.837,Rural,121717,1800,3013.0
ST0613,DE,51.5852,20.0684,Rural,944,1200,20.0
ST0614,DE,51.9669,4.6695,Rural,7574,1200,160.0
ST0615,DE,49.2378,7.1788,Rural,165458,2500,6703.0
ST0616,DE,49.7399,12.161,Rural,9967,1800,129.0
ST0617,DE,51.0842,7.5595,Rural,16665,1200,494.0
ST0618,DE,51.2114,11.3203,Rural,66715,1200,1430.0
ST0619,DE,50.2615,10.6195,Rural,14976,1800,500.0
ST0620,DE,52.9111,6.6396,Rural,37745,1200,487.0
ST0621,DE,52.6581,11.9047,Rural,36771,1800,660.0
ST0622,DE,49.7631,7.353,Rural,60095,1200,1149.0
ST0623,DE,51.4859,11.4068,Rural,34879,800,1381.0
ST0624,DE,50.1872,15.7123,Rural,10148,3500,350.0
ST0625,DE,51.8689,16.4123,Rural,4962,2500,218.0
ST0626,DE,48.7302,8.8981,Rural,13236,2500,308.0
ST0627,DE,52.1041,5.6631,Rural,10408,3500,369.0
ST0628,DE,52.5196,13.6655,Rural,43581,2500,1066.0
ST0629,DE,51.6967,10.8125,Rural,40149,1800,2008.0
ST0630,DE,53.9927,5.8528,Rural,1645,1200,29.0
ST0631,DE,49.7304,3.8732,Rural,13524,800,479.0
ST0632,DE,51.2851,5.3926,Rural,91378,1800,3306.0
ST0633,DE,48.0356,10.7009,Rural,45218,1800,1792.0
ST0634,DE,51.1296,13.0269,Rural,33169,1200,1505.0
ST0635,DE,52.7961,5.7933,Rural,18897,1800,590.0
ST0636,DE,47.0131,5.9084,Rural,69002,1800,2544.0
ST0637,DE,52.7892,14.3945,Rural,10349,1200,239.0
ST0638,DE,54.5163,6.4607,Rural,52161,1200,1008.0
ST0639,DE,52.1201,11.406,Rural,6760,1800,237.0
ST0640,DE,53.3573,2.7982,Rural,7162,2500,253.0
ST0641,DE,53.2589,9.1524,Rural,6187,800,266.0
ST0642,DE,47.1786,0.1437,Rural,485686,3500,10999.0
ST0643,DE,49.6514,13.7435,Rural,6207,1200,204.0
ST0644,DE,51.8917,13.3031,Rural,66144,1800,1537.0
ST0645,DE,51.8157,18.7729,Rural,2706,1800,53.0
ST0646,DE,52.6263,16.9007,Rural,76093,2500,1831.0
ST0647,DE,50.3982,13.7631,Rural,9696,1800,388.0
ST0648,DE,50.1633,15.5613,Rural,10744,1800,267.0
ST0649,DE,48.5283,13.3965,Rural,152685,2500,5935.0
ST0650,DE,49.6317,6.3474,Rural,58014,1800,2477.0
ST0651,DE,52.8454,15.3975,Rural,118334,1200,3173.0
ST0652,DE,52.0692,6.9074,Rural,6451,1200,136.0
ST0653,DE,50.6854,14.8284,Rural,18150,1800,721.0
ST0654,DE,52.1765,10.8125,Rural,10660,1800,302.0
ST0655,DE,52.509,10.8726,Rural,28645,2500,1259.0
ST0656,DE,50.3564,10.6928,Rural,4805,1200,188.0
ST0657,DE,49.6565,8.5082,Rural,10210,1800,283.0
ST0658,DE,52.5737,10.8932,Rural,1384,1800,46.0
ST0659,DE,50.8829,8.5521,Rural,55838,1200,1488.0
ST0660,DE,54.0638,7.2557,Rural,12811,1200,308.0
ST0661,DE,51.3238,6.7898,Rural,16558,2500,538.0
ST0662,DE,50.3618,10.6574,Rural,178038,2500,5568.0
ST0663,DE,52.0924,10.5763,Rural,10031,800,287.0
ST0664,DE,50.8236,5.3726,Rural,2007,3500,28.0
ST0665,DE,49.8012,11.1468,Rural,25701,800,886.0
ST0666,DE,49.9883,11.3107,Rural,31580,1200,585.0
ST0667,DE,51.2079,12.8699,Rural,30094,1200,827.0
ST0668,DE,48.5276,15.1344,Rural,26234,2500,803.0
ST0669,DE,53.1278,10.4196,Rural,6927,1800,256.0
ST0670,DE,52.721,5.1661,Rural,6169,1200,205.0
ST0671,DE,50.3696,5.995,Rural,30419,2500,1152.0
ST0672,DE,52.475,4.6041,Rural,6679,800,213.0
ST0673,DE,51.1268,13.1386,Rural,113014,2500,3993.0
ST0674,DE,51.2246,9.7228,Rural,12155,1200,271.0
ST0675,DE,53.5684,14.6446,Rural,23427,3500,873.0
ST0676,DE,50.7853,11.0495,Rural,7081,1200,255.0
ST0677,DE,51.5308,4.9719,Rural,10663,800,282.0
ST0678,DE,52.0089,15.814,Rural,4654,1200,45.0
ST0679,DE,52.0833,8.8296,Rural,7880,1200,194.0
ST0680,DE,52.7803,9.5552,Rural,36818,2500,2081.0
ST0681,AT,46.7083,12.9695,Rural,3468,1800,150.0
ST0682,AT,46.3391,12.9264,Rural,22178,1200,780.0
ST0683,AT,48.0781,13.5733,Rural,1395,2500,56.0
ST0684,AT,45.764,16.4905,Rural,5337,1800,120.0
ST0685,AT,46.7651,10.564,Rural,8085,2500,207.0
ST0686,AT,45.7584,14.5062,Urban Hub,940760,1800,24701.0
ST0687,AT,48.3703,13.9797,Rural,2526,1800,79.0
ST0688,AT,47.3666,12.191,Rural,45343,800,2291.0
ST0689,AT,48.279,13.6397,Rural,10234,800,195.0
ST0690,AT,47.6468,15.4542,Urban Hub,1084116,2500,42289.0
ST0691,AT,48.215,14.7393,Rural,14120,1200,303.0
ST0692,AT,47.0741,13.9022,Urban Hub,1174652,1800,32250.0
ST0693,AT,48.5858,14.908,Rural,16912,800,449.0
ST0694,AT,47.0901,12.3547,Rural,14586,1200,470.0
ST0695,AT,48.5391,12.8289,Rural,7398,1800,210.0
ST0696,AT,47.3522,13.9493,Rural,11211,1800,354.0
ST0697,AT,46.7866,12.9873,Rural,4863,1200,19.0
ST0698,AT,48.6184,14.0894,Rural,46229,800,1300.0
ST0699,AT,47.3783,13.462,Rural,9079,2500,159.0
ST0700,AT,47.8801,15.924,Rural,76042,2500,1138.0
ST0701,AT,47.917,10.6426,Rural,11489,1200,365.0
ST0702,AT,46.8807,10.518,Rural,1267,2500,79.0
ST0703,AT,46.5657,14.2838,Urban Hub,2268965,3500,27480.0
ST0704,AT,47.9062,13.7748,Rural,9521,1800,225.0
ST0705,AT,47.3532,11.9366,Rural,51825,800,1067.0
ST0706,AT,47.1179,13.2091,Rural,3852,800,193.0
ST0707,AT,46.3314,17.7502,Rural,12259,1800,240.0
ST0708,AT,46.8406,11.4987,Rural,31092,1800,939.0
ST0709,AT,46.2808,9.7401,Rural,34413,1800,847.0
ST0710,AT,48.2796,12.3347,Rural,5741,1800,146.0
ST0711,AT,46.5317,13.9929,Rural,34142,1200,426.0
ST0712,AT,47.1187,11.5259,Rural,7421,1200,307.0
ST0713,AT,46.6639,15.2954,Rural,8997,800,378.0
ST0714,AT,47.8073,13.1058,Rural,30692,1800,397.0
ST0715,AT,47.9967,11.8416,Rural,2477,1200,35.0
ST0716,AT,47.8073,12.1047,Rural,8829,1800,129.0
ST0717,AT,45.8323,12.7229,Rural,14024,2500,277.0
ST0718,AT,46.5338,14.0716,Rural,37393,1200,941.0
ST0719,AT,46.48,15.3417,Rural,45804,1200,1152.0
ST0720,AT,48.2251,13.4523,Rural,468263,1200,9837.0
ST0721,AT,45.8005,12.9738,Rural,15653,1800,517.0
ST0722,AT,48.1507,12.0245,Rural,3366,1800,105.0
ST0723,AT,47.3622,11.853,Rural,470,2500,14.0
ST0724,AT,46.9209,14.2145,Rural,3036,1800,92.0
ST0725,AT,47.9831,13.623,Rural,1589,1800,43.0
ST0726,AT,47.4944,13.398,Rural,231759,2500,2483.0
ST0727,AT,49.6688,13.9175,Rural,6252,1800,159.0
ST0728,AT,47.1091,15.1574,Rural,12437,1800,287.0
ST0729,AT,46.2499,11.2579,Rural,27035,3500,430.0
ST0730,AT,47.9545,13.7547,Rural,5524,1800,156.0
ST0731,AT,49.9301,14.8428,Rural,54417,1800,685.0
ST0732,AT,46.6727,12.711,Rural,70546,1800,1978.0
ST0733,AT,48.74,14.4346,Rural,31564,1200,1170.0
ST0734,AT,48.9108,11.5341,Rural,9623,1200,433.0
ST0735,AT,48.204,11.6653,Rural,34906,2500,1181.0
ST0736,AT,47.7247,14.1316,Rural,144887,1200,2745.0
ST0737,AT,48.3551,12.2444,Rural,20169,1800,788.0
ST0738,AT,46.664,11.9962,Rural,12844,1800,413.0
ST0739,AT,47.4169,13.0628,Rural,9610,2500,205.0
ST0740,AT,48.4653,13.4321,Rural,4598,800,187.0
ST0741,AT,48.2156,15.3277,Rural,599002,1800,18074.0
ST0742,AT,46.5895,13.0547,Rural,128352,2500,6547.0
ST0743,AT,48.6537,14.2208,Rural,716050,1800,10565.0
ST0744,AT,46.6653,14.3004,Rural,274138,1800,9831.0
ST0745,AT,48.7805,12.3438,Rural,3237,800,114.0
ST0746,AT,47.9845,12.9695,Rural,21537,1200,503.0
ST0747,AT,47.3984,14.6585,Rural,23169,1200,930.0
ST0748,AT,47.0219,15.5676,Rural,17124,1800,345.0
ST0749,AT,46.6499,14.0249,Rural,5750,1200,135.0
ST0750,AT,46.7051,17.5627,Rural,73998,2500,1742.0
ST0751,AT,47.3476,12.3415,Rural,91618,1800,2367.0
ST0752,AT,48.4219,15.2194,Rural,19068,800,471.0
ST0753,AT,47.5329,14.9337,Rural,10653,1800,261.0
ST0754,AT,47.2709,16.5414,Rural,22138,1200,600.0
ST0755,AT,47.1333,12.5764,Rural,7509,3500,205.0
ST0756,AT,47.9573,16.2027,Rural,3007,1800,62.0
ST0757,AT,46.5616,11.2012,Rural,235427,2500,2226.0
ST0758,AT,47.313,16.6176,Rural,37934,1800,1502.0
ST0759,AT,48.4867,13.2827,Rural,118726,800,2170.0
ST0760,AT,48.4423,13.8122,Rural,4428,1200,74.0
ST0761,AT,49.2189,16.3012,Rural,3854,1200,166.0
ST0762,AT,46.8173,13.1108,Urban Hub,1585112,1200,63151.0
ST0763,AT,48.5662,13.5252,Rural,10997,2500,220.0
ST0764,AT,46.3051,15.1303,Rural,7978,3500,325.0
ST0765,AT,47.362,9.7683,Rural,15793,1200,567.0
ST0766,AT,48.6405,16.7693,Rural,11863,1200,230.0
ST0767,AT,47.7786,14.2431,Rural,39722,1200,1111.0
ST0768,AT,48.1286,12.8175,Rural,12599,800,528.0
ST0769,AT,47.555,14.9532,Rural,93973,1200,3524.0
ST0770,AT,47.6154,13.2097,Rural,18291,1800,282.0
ST0771,AT,47.999,11.9684,Rural,13657,1200,288.0
ST0772,AT,47.7908,14.3533,Rural,32396,1200,1146.0
ST0773,AT,48.2191,15.1915,Rural,1186,2500,39.0
ST0774,AT,47.1901,13.0087,Rural,116494,1800,5567.0
ST0775,AT,47.496,14.9636,Rural,40312,1800,648.0
ST0776,AT,48.5642,14.0236,Rural,33222,2500,1121.0
ST0777,AT,46.8056,13.3295,Rural,17756,2500,569.0
ST0778,AT,47.13,11.4287,Rural,122641,3500,2082.0
ST0779,AT,47.0503,10.554,Rural,1637,1800,49.0
ST0780,AT,46.1985,13.8705,Rural,295674,800,8697.0
ST0781,AT,47.3712,15.1477,Rural,37665,1200,957.0
ST0782,AT,47.7359,14.609,Rural,8858,2500,396.0
ST0783,AT,48.7762,13.4455,Rural,21953,2500,780.0
ST0784,AT,46.8708,14.8855,Rural,9958,1800,282.0
ST0785,AT,47.2257,14.2564,Rural,48154,1800,1452.0
ST0786,AT,46.3465,12.259,Rural,260992,1800,9726.0
ST0787,AT,47.3252,14.3222,Rural,30997,1200,1030.0
ST0788,AT,48.8604,11.3942,Rural,167,1200,5.0
ST0789,AT,46.491,13.0783,Rural,47004,1200,1540.0
ST0790,AT,48.0409,11.3363,Rural,26173,2500,400.0
ST0791,AT,47.1102,11.6324,Rural,121940,1800,5325.0
ST0792,AT,46.812,12.9669,Rural,205032,1200,6367.0
ST0793,AT,47.5282,13.028,Rural,26743,1800,549.0
ST0794,AT,47.1419,14.0595,Rural,24248,1200,991.0
ST0795,AT,46.8605,13.7869,Rural,338171,800,12646.0
ST0796,AT,48.777,11.9072,Rural,179124,2500,5177.0
ST0797,AT,48.4514,14.2371,Rural,3516,2500,73.0
ST0798,AT,48.1095,13.9668,Rural,4723,2500,78.0
ST0799,AT,47.352,15.2508,Rural,46712,2500,1477.0
ST0800,AT,47.76,13.587,Rural,26905,1200,87.0
ST0801,AT,47.71,9.4881,Rural,1593,2500,41.0
ST0802,AT,45.9758,12.1027,Rural,61279,2500,2252.0
ST0803,AT,48.4134,14.22,Rural,184906,1200,5730.0
ST0804,AT,48.9172,14.4271,Rural,39194,800,1016.0
ST0805,AT,47.0436,11.9882,Rural,32228,1800,1422.0
ST0806,AT,47.56,13.2667,Rural,115285,1200,3383.0
ST0807,AT,46.6441,12.9184,Rural,40223,1200,1988.0
ST0808,AT,48.0174,11.9193,Rural,102706,800,3497.0
ST0809,AT,46.5804,16.795,Rural,69648,2500,2571.0
ST0810,AT,48.344,10.3124,Rural,35460,2500,1009.0
ST0811,AT,46.8816,12.3796,Rural,7637,800,171.0
ST0812,AT,47.2466,15.3344,Rural,5774,1200,238.0
ST0813,AT,47.9147,12.0951,Rural,115768,1200,4917.0
ST0814,AT,48.1025,12.2984,Rural,56965,3500,2078.0
ST0815,AT,47.1954,11.117,Rural,1324,800,63.0
ST0816,AT,47.5903,12.9872,Rural,4297,3500,143.0
ST0817,AT,47.5229,12.1541,Rural,8271,2500,183.0
ST0818,AT,46.1212,13.7355,Rural,109784,1200,3506.0
ST0819,AT,46.8463,12.6184,Rural,157649,800,2948.0
ST0820,AT,47.4092,11.9615,Rural,11444,1200,333.0
ST0821,AT,48.5967,13.0643,Rural,110063,800,1462.0
ST0822,AT,47.6887,12.665,Rural,6260,2500,277.0
ST0823,AT,48.5593,13.5953,Rural,2772,3500,79.0
ST0824,AT,47.6184,11.466,Rural,5558,2500,110.0
ST0825,AT,49.7016,11.9581,Rural,1692,1200,36.0
ST0826,AT,46.6045,11.5835,Rural,96958,2500,1809.0
ST0827,AT,48.3029,13.3724,Rural,24821,1200,1073.0
ST0828,AT,48.3157,13.2255,Rural,9009,1200,208.0
ST0829,AT,46.6773,14.7331,Rural,81489,1200,3484.0
ST0830,AT,48.1204,16.832,Rural,28727,800,964.0
ST0831,AT,47.1833,14.5597,Rural,117862,2500,4047.0
ST0832,AT,48.5036,13.5109,Rural,60083,1200,1847.0
ST0833,AT,45.7372,16.0093,Rural,6027,1200,242.0
ST0834,AT,47.929,13.2771,Rural,5115,1200,175.0
ST0835,AT,47.1503,13.3676,Urban Hub,1921434,800,65427.0
ST0836,AT,46.3561,12.7321,Rural,23758,1800,436.0
ST0837,AT,47.7895,11.735,Rural,88622,1800,3038.0
ST0838,AT,47.5166,12.6038,Rural,17085,2500,730.0
ST0839,AT,46.9093,12.1923,Rural,279285,1800,12804.0
ST0840,AT,47.5383,14.2775,Rural,63990,1200,2770.0
ST0841,AT,46.4876,12.8172,Rural,2919,1200,44.0
ST0842,AT,46.7251,13.2087,Rural,4937,1200,109.0
ST0843,AT,46.606,13.5242,Rural,31133,1200,843.0
ST0844,AT,47.0611,15.6504,Rural,7850,1800,195.0
ST0845,AT,47.8168,12.8007,Rural,12697,1800,414.0
ST0846,AT,47.7384,12.3494,Rural,13686,800,356.0
ST0847,AT,48.0976,16.3575,Rural,10475,1200,279.0
ST0848,AT,47.9057,11.3061,Rural,154599,1800,5356.0
ST0849,AT,47.6856,13.4855,Rural,82326,1200,1822.0
ST0850,AT,48.7232,11.2706,Rural,81119,1800,2103.0
ST0851,AT,48.2575,11.5026,Rural,4777,1800,115.0
ST0852,AT,48.3119,14.8911,Rural,8366,2500,313.0
ST0853,AT,47.6463,14.3062,Rural,9249,1800,173.0
ST0854,AT,48.1013,12.2085,Rural,31343,2500,1104.0
ST0855,AT,48.9543,14.779,Rural,58732,1200,1202.0
ST0856,AT,47.1803,13.6426,Rural,78613,800,1670.0
ST0857,AT,47.4962,14.0981,Rural,71523,1800,1664.0
ST0858,AT,45.8511,14.0774,Rural,69280,2500,947.0
ST0859,AT,47.3396,15.3787,Rural,95836,2500,3409.0
ST0860,AT,47.7215,12.2997,Rural,14207,1800,423.0
ST0861,PL,49.5429,16.3029,Rural,714,1200,19.0
ST0862,PL,51.1472,19.1969,Rural,33358,800,600.0
ST0863,PL,53.5776,14.9944,Rural,36049,2500,1307.0
ST0864,PL,52.0969,21.0834,Rural,54107,800,1378.0
ST0865,PL,51.3234,18.4827,Rural,244857,1800,5824.0
ST0866,PL,50.7004,18.3623,Rural,214101,1200,9752.0
ST0867,PL,51.0048,15.7764,Rural,1323,3500,29.0
ST0868,PL,52.0236,21.5953,Rural,43136,1800,2190.0
ST0869,PL,50.5838,14.8787,Rural,15834,1800,288.0
ST0870,PL,52.8579,19.3599,Rural,4911,3500,122.0
ST0871,PL,50.5442,23.2881,Rural,17039,1200,729.0
ST0872,PL,50.2731,13.6609,Rural,1873,1800,100.0
ST0873,PL,52.1902,23.0296,Rural,19702,1200,548.0
ST0874,PL,53.4716,20.9842,Rural,26157,1800,906.0
ST0875,PL,51.1478,19.1161,Rural,10893,1800,329.0
ST0876,PL,51.9468,19.6235,Rural,38257,2500,1250.0
ST0877,PL,52.3084,18.9282,Rural,50116,800,1813.0
ST0878,PL,51.7457,19.3548,Rural,168687,1200,7808.0
ST0879,PL,50.7623,17.7633,Rural,9404,1200,418.0
ST0880,PL,54.9324,24.1969,Rural,3892,1800,132.0
ST0881,PL,52.5752,18.7869,Rural,315917,3500,11893.0
ST0882,PL,53.6581,20.6917,Rural,2268,1800,124.0
ST0883,PL,54.5095,19.3559,Rural,1547,800,56.0
ST0884,PL,50.2004,20.5611,Rural,114802,1800,2677.0
ST0885,PL,52.2677,21.2804,Rural,8585,1800,230.0
ST0886,PL,51.3541,17.8004,Rural,1861,1200,102.0
ST0887,PL,51.8836,18.871,Rural,5419,1800,148.0
ST0888,PL,50.3232,26.6742,Rural,2711,800,144.0
ST0889,PL,51.7754,21.0466,Rural,9167,1200,299.0
ST0890,PL,52.8866,20.0954,Rural,2113,1800,135.0
ST0891,PL,52.6205,18.2572,Rural,17294,1200,444.0
ST0892,PL,51.3511,17.7239,Rural,39804,1800,1280.0
ST0893,PL,53.5128,22.2418,Rural,80431,1200,2391.0
ST0894,PL,53.6404,21.0449,Rural,38566,1200,839.0
ST0895,PL,51.6989,15.8796,Rural,428878,1200,16894.0
ST0896,PL,52.0213,15.9046,Rural,7815,1200,346.0
ST0897,PL,52.433,13.6722,Rural,57124,2500,3215.0
ST0898,PL,51.0315,26.5082,Rural,4250,2500,93.0
ST0899,PL,53.7161,19.0482,Rural,271280,2500,7653.0
ST0900,PL,50.895,23.0246,Rural,5401,800,199.0
ST0901,PL,53.8667,21.6922,Rural,34863,3500,619.0
ST0902,PL,49.6336,19.3005,Rural,85230,1800,1642.0
ST0903,PL,53.7077,19.5369,Rural,38625,1200,564.0
ST0904,PL,53.2171,19.4631,Rural,369831,1800,12122.0
ST0905,PL,49.9383,18.0647,Rural,23531,2500,1123.0
ST0906,PL,50.5838,18.9848,Rural,219087,2500,5549.0
ST0907,PL,52.8453,12.3743,Rural,14561,800,667.0
ST0908,PL,50.7701,21.9998,Rural,6821,800,246.0
ST0909,PL,49.2088,20.7193,Rural,13496,1200,431.0
ST0910,PL,51.119,20.9951,Rural,13833,1800,489.0
ST0911,PL,55.2128,23.0182,Rural,51497,3500,1927.0
ST0912,PL,51.6432,18.461,Rural,55877,1200,652.0
ST0913,PL,50.9915,19.0039,Rural,3746,2500,84.0
ST0914,PL,51.5917,22.0262,Rural,48015,1800,1154.0
ST0915,PL,51.9399,21.7808,Rural,9784,800,319.0
ST0916,PL,53.5747,16.9201,Rural,16855,1200,377.0
ST0917,PL,52.2759,21.5257,Rural,14816,1200,342.0
ST0918,PL,53.7231,15.0086,Rural,39787,1800,1156.0
ST0919,PL,51.6226,21.0503,Rural,5967,800,164.0
ST0920,PL,51.0745,16.9899,Rural,6943,1200,184.0
ST0921,PL,52.1647,20.4537,Rural,19738,3500,460.0
ST0922,PL,51.053,24.004,Rural,98275,1200,2327.0
ST0923,PL,48.8262,17.9532,Rural,20963,800,464.0
ST0924,PL,51.6127,21.2894,Rural,3191,1800,58.0
ST0925,PL,49.6116,15.6375,Rural,79443,1800,2658.0
ST0926,PL,51.1775,15.9061,Rural,167335,800,4741.0
ST0927,PL,50.1861,19.5591,Rural,10204,1800,267.0
ST0928,PL,51.4608,21.9243,Rural,102872,800,3489.0
ST0929,PL,51.8577,23.193,Rural,59504,1800,932.0
ST0930,PL,53.4337,14.165,Rural,9340,1200,188.0
ST0931,PL,50.2727,18.0093,Rural,8425,2500,322.0
ST0932,PL,53.0247,20.8299,Rural,54102,800,880.0
ST0933,PL,52.1442,23.5851,Rural,3073,1800,97.0
ST0934,PL,52.2377,21.4637,Rural,15181,1200,200.0
ST0935,PL,51.5501,23.5272,Rural,5940,1200,172.0
ST0936,PL,52.4933,13.022,Rural,14618,2500,620.0
ST0937,PL,50.4042,15.9229,Rural,115333,800,1824.0
ST0938,PL,52.8729,19.2617,Rural,90013,2500,1596.0
ST0939,PL,51.0408,22.4506,Rural,1016,800,28.0
ST0940,PL,51.5309,17.986,Rural,21498,1800,845.0
ST0941,PL,53.3915,21.8068,Rural,10406,800,137.0
ST0942,PL,53.2162,18.3492,Rural,130618,1200,6820.0
ST0943,PL,53.4214,21.0556,Rural,16429,1200,591.0
ST0944,PL,52.1595,22.88,Rural,79051,2500,2401.0
ST0945,PL,51.4507,15.3929,Rural,17016,1200,480.0
ST0946,PL,51.0867,22.8295,Rural,165006,800,3210.0
ST0947,PL,53.0305,19.4885,Rural,4522,1200,39.0
ST0948,PL,50.9409,20.8384,Rural,2303,2500,71.0
ST0949,PL,50.4659,26.0529,Rural,2667,1800,79.0
ST0950,PL,53.3718,14.1152,Rural,3379,800,122.0
ST0951,PL,52.4138,19.9902,Rural,8474,2500,268.0
ST0952,PL,53.2746,21.2578,Rural,46717,1200,1560.0
ST0953,PL,49.8893,18.1405,Rural,27349,1800,351.0
ST0954,PL,51.7173,21.276,Rural,80254,1200,2711.0
ST0955,PL,51.1158,20.6084,Rural,106162,3500,2763.0
ST0956,PL,52.4625,20.3359,Rural,55390,1800,458.0
ST0957,PL,52.8629,18.2892,Rural,30533,800,1180.0
ST0958,PL,49.0968,19.1552,Rural,12026,1200,399.0
ST0959,PL,51.7976,16.1525,Rural,71402,1800,2909.0
ST0960,PL,50.2701,19.2654,Rural,70937,1200,1981.0
ST0961,PL,50.1668,21.2752,Rural,217557,2500,6857.0
ST0962,PL,50.5413,21.4481,Rural,1306,1800,54.0
ST0963,PL,49.4815,21.7584,Rural,1284,1800,35.0
ST0964,PL,52.0676,21.83,Rural,20948,3500,601.0
ST0965,PL,49.6682,15.7244,Rural,39467,3500,1183.0
ST0966,PL,51.6715,21.4453,Rural,100236,1800,4967.0
ST0967,PL,50.7765,17.4317,Rural,34583,1200,1281.0
ST0968,PL,52.1472,22.2758,Rural,7256,800,209.0
ST0969,PL,52.8124,23.1378,Rural,16950,1800,267.0
ST0970,PL,51.0885,24.3083,Rural,33596,800,851.0
ST0971,PL,51.9352,24.0634,Rural,47265,1200,1696.0
ST0972,PL,54.703,20.2841,Rural,15542,1800,727.0
ST0973,PL,50.7298,21.3058,Rural,9520,1800,120.0
ST0974,PL,50.5261,26.134,Rural,63658,1800,1439.0
ST0975,PL,48.8806,19.4985,Rural,10053,1200,345.0
ST0976,PL,50.127,20.0379,Rural,29099,1200,1891.0
ST0977,PL,52.3905,16.5946,Rural,262858,1200,6416.0
ST0978,PL,52.1177,15.1437,Rural,19514,2500,0.0
ST0979,PL,52.3672,18.4756,Rural,29642,2500,1022.0
ST0980,PL,51.7179,15.4351,Rural,892,800,35.0
ST0981,PL,51.2776,23.6059,Rural,182962,1200,2588.0
ST0982,PL,53.0108,18.9857,Rural,15360,1200,512.0
ST0983,PL,50.822,20.9969,Rural,26627,1200,900.0
ST0984,PL,53.1586,21.5521,Rural,129,1800,5.0
ST0985,PL,49.6454,22.0871,Rural,5871,1200,210.0
ST0986,PL,53.3046,25.1861,Rural,13660,1800,573.0
ST0987,PL,54.0309,18.7267,Rural,190792,1200,6946.0
ST0988,PL,50.5577,15.8143,Rural,23018,800,838.0
ST0989,PL,51.7448,17.6313,Rural,23455,1200,662.0
ST0990,PL,52.0871,18.6341,Rural,10468,3500,391.0
ST0991,PL,51.2263,22.2883,Rural,1223,1800,41.0
ST0992,PL,52.1585,21.5068,Rural,36131,3500,1593.0
ST0993,PL,53.2185,16.2605,Rural,16760,1800,270.0
ST0994,PL,51.6729,23.7983,Rural,962,3500,19.0
ST0995,PL,51.8232,14.3559,Rural,39443,1200,933.0
ST0996,PL,49.5259,22.8976,Rural,17041,1800,372.0
ST0997,PL,51.0849,22.8916,Rural,32655,1800,329.0
ST0998,PL,50.8824,22.2989,Rural,9513,3500,297.0
ST0999,PL,53.9424,19.27,Rural,61274,1800,702.0
ST1000,PL,50.6839,14.4628,Rural,41390,1800,1229.0
ST1001,PL,46.145,22.8105,Rural,9793,1200,195.0
ST1002,PL,53.8259,19.6582,Rural,111252,1800,2294.0
ST1003,PL,49.9183,19.8519,Rural,568563,1200,13233.0
ST1004,PL,52.5973,14.6824,Rural,5753,1800,190.0
ST1005,PL,53.4842,21.4649,Rural,86778,1800,2384.0
ST1006,PL,50.4146,17.0474,Rural,11315,1800,364.0
ST1007,PL,50.2557,13.4297,Rural,127438,1200,4032.0
ST1008,PL,52.8733,21.7265,Rural,19489,1200,177.0
ST1009,PL,50.7739,21.4781,Rural,2404,800,66.0
ST1010,PL,53.5312,24.1298,Rural,24257,800,470.0
ST1011,PL,49.6193,12.4749,Rural,349060,1200,10430.0
ST1012,PL,52.9627,15.4459,Rural,3840,1800,127.0
ST1013,PL,51.6192,22.198,Rural,195001,1200,7038.0
ST1014,PL,51.0768,18.1797,Rural,108771,1200,2182.0
ST1015,PL,50.4533,18.9466,Rural,193419,1200,7486.0
ST1016,PL,55.4467,17.5406,Rural,3269,1800,215.0
ST1017,PL,51.6599,18.3698,Rural,23974,1800,319.0
ST1018,PL,50.0486,14.9949,Rural,16855,3500,442.0
ST1019,PL,51.878,19.8805,Rural,180169,1200,3536.0
ST1020,PL,53.4828,25.17,Rural,170062,1800,9817.0
ST1021,PL,51.8148,16.4287,Rural,9448,1200,352.0
ST1022,PL,51.7692,21.3304,Rural,35390,1200,1012.0
ST1023,PL,51.2049,15.9045,Rural,76164,800,1124.0
ST1024,PL,52.0501,27.1436,Rural,12421,1200,540.0
ST1025,PL,54.2612,18.0623,Rural,6272,1200,61.0
ST1026,PL,52.2765,18.1759,Rural,406714,3500,12514.0
ST1027,PL,48.9527,22.5647,Rural,18661,1200,793.0
ST1028,PL,53.2916,24.6408,Rural,25924,1200,575.0
ST1029,PL,51.8028,19.3788,Rural,9653,1800,480.0
ST1030,PL,52.0353,18.5039,Rural,23390,1200,409.0
ST1031,PL,53.1217,16.3175,Rural,30383,800,1009.0
ST1032,PL,51.2635,22.661,Rural,5668,1200,118.0
ST1033,PL,50.2481,21.2965,Rural,99803,2500,3624.0
ST1034,PL,51.9296,17.8325,Rural,23635,1200,667.0
ST1035,PL,49.5873,18.8716,Rural,10941,800,279.0
ST1036,PL,52.4795,13.9561,Rural,26032,1800,852.0
ST1037,PL,52.7567,16.9295,Rural,147265,3500,2746.0
ST1038,PL,52.3783,19.0987,Rural,23835,1200,912.0
ST1039,PL,53.1783,19.1147,Rural,103936,1800,3386.0
ST1040,PL,53.5978,13.1497,Rural,4391,1200,143.0
ST1041,PL,51.4141,19.7356,Rural,100264,3500,4754.0
ST1042,PL,49.1052,16.9955,Rural,112208,1800,2626.0
ST1043,PL,50.4684,21.0227,Rural,15448,1200,379.0
ST1044,PL,51.1108,19.2723,Rural,49637,1800,2453.0
ST1045,PL,51.2982,21.2288,Rural,88612,3500,1751.0
ST1046,PL,51.2682,19.8517,Rural,12532,3500,405.0
ST1047,PL,50.5988,19.1408,Rural,28078,1800,573.0
ST1048,PL,53.6455,24.3425,Rural,1083,1800,27.0
ST1049,PL,51.2456,22.2444,Rural,4434,1800,193.0
ST1050,PL,52.1828,13.3601,Rural,20430,2500,463.0
ST1051,PL,55.5953,18.7733,Rural,91736,1800,2251.0
ST1052,PL,51.603,16.8316,Rural,6281,1200,340.0
ST1053,PL,50.2315,15.5967,Rural,149048,1200,2053.0
ST1054,PL,52.201,22.6392,Rural,13450,1800,558.0
ST1055,PL,51.5113,18.3589,Rural,348033,800,5560.0
ST1056,PL,52.9898,16.0176,Rural,78721,1200,2973.0
ST1057,PL,52.4774,21.4957,Rural,118350,1200,5358.0
ST1058,PL,53.1249,22.0698,Rural,23572,1800,710.0
ST1059,PL,52.1227,20.5126,Rural,37966,800,1108.0
ST1060,PL,48.3862,19.3066,Rural,121393,3500,4041.0
ST1061,PL,55.4184,14.8998,Rural,18850,1800,321.0
ST1062,PL,51.5063,21.426,Rural,2767,1800,86.0
ST1063,PL,50.5838,23.3476,Rural,2668,2500,67.0
ST1064,PL,55.1798,14.4622,Rural,10633,800,303.0
ST1065,PL,51.6925,17.9677,Urban Hub,2512168,1200,105473.0
ST1066,PL,51.4562,16.6397,Rural,63408,1800,226.0
ST1067,PL,49.2931,25.4061,Rural,41499,1800,753.0
ST1068,PL,51.9696,18.6346,Rural,22974,800,832.0
ST1069,PL,53.3571,15.2142,Rural,3709,3500,64.0
ST1070,PL,53.7476,23.4046,Rural,3169,1200,143.0
ST1071,PL,50.4196,15.5365,Rural,58912,1200,2620.0
ST1072,PL,51.032,16.0185,Rural,37213,1800,863.0
ST1073,PL,51.1289,21.793,Rural,144972,1800,1083.0
ST1074,PL,52.5296,19.6244,Rural,8903,3500,169.0
ST1075,PL,55.1035,22.585,Rural,23346,1200,516.0
ST1076,PL,53.6345,15.7013,Rural,7129,1800,227.0
ST1077,PL,52.6746,15.3648,Rural,12403,1800,411.0
ST1078,PL,52.2647,20.7634,Rural,60873,800,1477.0
ST1079,PL,53.3534,22.8955,Rural,11715,1200,274.0
ST1080,PL,51.6516,24.893,Rural,20035,3500,284.0
ST1081,PL,52.6071,22.9157,Rural,33422,800,502.0
ST1082,PL,52.6598,19.105,Rural,12143,1200,591.0
ST1083,PL,49.96,14.9419,Rural,28668,3500,1053.0
ST1084,PL,51.2392,17.8158,Rural,19186,1200,827.0
ST1085,PL,50.3137,20.97,Rural,18492,2500,729.0
ST1086,PL,51.3237,17.3891,Rural,19543,1200,288.0
ST1087,PL,52.9452,24.0387,Rural,50871,2500,1015.0
ST1088,PL,53.2306,13.8312,Rural,4658,800,198.0
ST1089,PL,51.9335,16.14,Rural,56405,2500,2221.0
ST1090,PL,50.5377,20.6252,Rural,39165,2500,1402.0
ST1091,PL,49.1801,21.0112,Rural,33693,2500,1158.0
ST1092,PL,52.86,16.0273,Rural,21460,2500,427.0
ST1093,PL,51.355,19.9897,Rural,49047,1200,1331.0
ST1094,PL,51.2791,20.2751,Rural,2635,2500,57.0
ST1095,PL,49.5917,18.5397,Rural,13363,1200,180.0
ST1096,PL,54.9317,14.4493,Rural,89872,1200,3361.0
ST1097,PL,52.648,13.2725,Rural,17446,2500,564.0
ST1098,PL,50.8975,17.2692,Rural,32522,2500,1531.0
ST1099,PL,53.807,19.4464,Rural,6829,1800,179.0
ST1100,PL,51.0413,21.6282,Rural,34218,2500,514.0
ST1101,PL,51.4477,14.6467,Rural,149854,1200,3280.0
ST1102,PL,53.0485,19.6389,Rural,1513,1200,31.0
ST1103,PL,51.3543,20.6369,Rural,30270,1200,1077.0
ST1104,PL,49.9402,18.1746,Rural,113493,1200,4003.0
ST1105,PL,54.1375,21.2745,Rural,87944,1200,2814.0
ST1106,PL,52.06,15.6554,Rural,73731,3500,1572.0
ST1107,PL,52.25,23.4638,Rural,8289,800,451.0
ST1108,PL,51.9583,16.6978,Rural,14116,1200,452.0
ST1109,PL,51.3884,22.1659,Rural,66155,2500,3602.0
ST1110,PL,51.9503,16.465,Rural,183472,1800,3399.0
ST1111,PL,55.7656,19.6235,Rural,76987,800,2563.0
ST1112,PL,49.5904,19.6851,Rural,110331,1800,5060.0
ST1113,PL,52.2661,19.9217,Rural,2242,800,88.0
ST1114,PL,51.7752,19.3764,Rural,175633,2500,6039.0
ST1115,PL,52.2666,20.8017,Rural,20676,800,599.0
ST1116,PL,51.9966,21.6987,Rural,12208,2500,485.0
ST1117,PL,52.309,20.1267,Rural,4238,1200,123.0
ST1118,PL,52.3905,20.7898,Rural,28631,1200,1058.0
ST1119,PL,52.1403,15.7546,Rural,15090,1800,254.0
ST1120,PL,49.2595,25.6873,Rural,3086,2500,62.0
ST1121,PL,54.2061,23.3423,Rural,527,2500,22.0
ST1122,PL,48.4046,15.5748,Rural,95830,800,1676.0
ST1123,PL,53.0583,17.7993,Rural,56046,1200,1867.0
ST1124,PL,52.6527,15.4667,Rural,13830,1200,256.0
ST1125,PL,49.2479,19.1586,Rural,20350,2500,499.0
ST1126,PL,52.7161,21.2143,Rural,11834,800,561.0
ST1127,PL,52.6188,19.5351,Rural,107765,1800,1406.0
ST1128,PL,49.9723,19.2707,Rural,4126,2500,133.0
ST1129,PL,49.0116,23.5811,Rural,55083,1200,2089.0
ST1130,PL,50.7503,20.9273,Rural,12786,1200,286.0
ST1131,CZ,50.1233,16.4778,Rural,10810,2500,260.0
ST1132,CZ,50.3137,16.0182,Rural,86646,800,1798.0
ST1133,CZ,49.8975,13.9054,Rural,41434,1200,1193.0
ST1134,CZ,50.4648,13.7427,Rural,61925,3500,1280.0
ST1135,CZ,49.5514,16.1726,Rural,4202,2500,97.0
ST1136,CZ,50.0272,16.8349,Urban Hub,982083,800,20449.0
ST1137,CZ,49.8726,13.0779,Rural,2519,1800,81.0
ST1138,CZ,49.9309,16.2739,Rural,10017,1200,222.0
ST1139,CZ,50.2595,16.5189,Rural,24300,2500,861.0
ST1140,CZ,49.6026,13.8058,Rural,445662,800,2861.0
ST1141,CZ,50.0436,16.2199,Rural,4862,1800,137.0
ST1142,CZ,50.1204,15.2238,Rural,359453,800,10342.0
ST1143,CZ,48.5609,13.9968,Rural,118562,1200,2556.0
ST1144,CZ,49.7416,15.3947,Rural,50617,800,1813.0
ST1145,CZ,48.8557,13.992,Rural,7444,1800,173.0
ST1146,CZ,49.7188,15.0318,Rural,15986,1200,461.0
ST1147,CZ,49.5708,15.1929,Rural,21102,1800,680.0
ST1148,CZ,51.1834,17.4769,Rural,9151,1800,262.0
ST1149,CZ,48.8817,14.1608,Rural,296873,1800,8281.0
ST1150,CZ,49.6059,14.0846,Rural,175281,1800,3451.0
ST1151,CZ,49.5989,14.836,Rural,12656,2500,319.0
ST1152,CZ,48.7749,16.3471,Rural,108296,1800,4084.0
ST1153,CZ,49.5138,16.6102,Rural,16978,2500,849.0
ST1154,CZ,49.8969,14.7014,Rural,55929,800,2063.0
ST1155,CZ,49.6792,14.4611,Rural,115607,1200,5453.0
ST1156,CZ,49.5887,13.9044,Rural,77915,2500,2295.0
ST1157,CZ,48.6809,17.4428,Rural,17273,1800,357.0
ST1158,CZ,49.1962,16.9162,Rural,23914,2500,1045.0
ST1159,CZ,50.246,15.6271,Rural,38180,1200,1387.0
ST1160,CZ,48.2628,15.8675,Rural,24502,3500,543.0
ST1161,CZ,49.9557,13.4798,Rural,352145,1200,8649.0
ST1162,CZ,49.5119,16.5967,Rural,163734,1800,5895.0
ST1163,CZ,50.0791,16.3579,Rural,4862,800,108.0
ST1164,CZ,50.5541,15.1919,Rural,123870,800,3893.0
ST1165,CZ,50.3035,16.619,Rural,8592,1200,290.0
ST1166,CZ,48.7192,13.4527,Rural,38165,1200,1335.0
ST1167,CZ,49.1624,15.8465,Rural,34973,1800,642.0
ST1168,CZ,49.6776,16.8269,Rural,114855,1800,3672.0
ST1169,CZ,48.9885,14.992,Rural,198722,1200,4609.0
ST1170,CZ,49.4922,17.2709,Rural,2095,800,99.0
ST1171,CZ,49.5673,14.6739,Rural,26542,1200,926.0
ST1172,CZ,49.2266,15.3936,Rural,133808,2500,4575.0
ST1173,CZ,48.8797,14.4801,Rural,29069,1800,930.0
ST1174,CZ,51.2411,14.045,Rural,10477,2500,291.0
ST1175,CZ,49.8745,14.262,Rural,66311,1200,1696.0
ST1176,CZ,49.4953,16.3568,Urban Hub,694072,800,25561.0
ST1177,CZ,49.9446,17.7776,Rural,41373,1800,1121.0
ST1178,CZ,48.6411,14.9516,Rural,258800,2500,12495.0
ST1179,CZ,50.8903,14.5108,Rural,262005,1800,10097.0
ST1180,CZ,48.7935,14.5124,Rural,122822,1200,3492.0
ST1181,CZ,50.1636,15.0473,Urban Hub,980241,3500,18645.0
ST1182,CZ,49.0436,15.9214,Rural,21437,1200,974.0
ST1183,CZ,48.9647,17.5175,Rural,120232,800,2507.0
ST1184,CZ,49.593,18.0649,Rural,59944,3500,1739.0
ST1185,CZ,49.8016,13.4374,Rural,11006,1200,254.0
ST1186,CZ,48.668,15.4933,Rural,55317,800,417.0
ST1187,CZ,50.6843,13.3386,Rural,26798,800,557.0
ST1188,CZ,49.9843,16.1165,Rural,70436,1800,2124.0
ST1189,CZ,49.5734,17.8811,Rural,40134,1800,1371.0
ST1190,CZ,50.2211,18.4643,Urban Hub,690088,3500,27959.0
ST1191,CZ,50.8703,16.0571,Rural,28399,3500,374.0
ST1192,CZ,51.3153,16.8062,Urban Hub,1446555,800,63732.0
ST1193,CZ,48.2459,15.1926,Rural,9463,800,143.0
ST1194,CZ,50.0702,17.3471,Rural,33998,2500,976.0
ST1195,CZ,49.4834,14.6894,Rural,529,3500,29.0
ST1196,CZ,48.7458,13.5089,Rural,3872,1800,131.0
ST1197,CZ,48.9698,17.5018,Rural,9693,1800,239.0
ST1198,CZ,49.7783,14.8448,Rural,20781,1200,1235.0
ST1199,CZ,49.3374,13.8483,Rural,227329,1800,5412.0
ST1200,CZ,50.5553,13.0331,Rural,16086,3500,286.0
ST1201,CZ,49.5601,17.5863,Rural,35532,1800,1108.0
ST1202,CZ,49.736,16.1121,Rural,15756,1200,369.0
ST1203,CZ,49.1645,14.8235,Rural,331998,2500,9590.0
ST1204,CZ,50.4765,17.4882,Rural,12535,2500,156.0
ST1205,CZ,50.5279,13.6126,Rural,57229,1800,1181.0
ST1206,CZ,50.8329,18.0942,Rural,5799,1800,201.0
ST1207,CZ,49.7558,15.5706,Rural,31653,1200,938.0
ST1208,CZ,49.2451,15.7958,Rural,8594,1800,462.0
ST1209,CZ,48.8528,12.6333,Rural,9403,2500,158.0
ST1210,CZ,50.7371,15.0634,Rural,5294,2500,208.0
ST1211,CZ,50.1536,15.1177,Rural,8327,1800,316.0
ST1212,CZ,51.2689,14.6213,Rural,252347,1800,6246.0
ST1213,CZ,49.8475,14.4074,Rural,5603,2500,228.0
ST1214,CZ,49.8406,14.389,Rural,10521,1800,377.0
ST1215,CZ,49.3739,14.2303,Rural,1478,2500,39.0
ST1216,CZ,48.7072,16.4669,Rural,38667,1200,344.0
ST1217,CZ,49.2911,15.0418,Rural,8990,1800,190.0
ST1218,CZ,49.5546,16.9606,Rural,17593,1800,254.0
ST1219,CZ,51.215,13.2491,Rural,26012,1800,650.0
ST1220,CZ,49.0362,16.9825,Rural,5575,1800,128.0
ST1221,CZ,48.3174,14.7572,Rural,13953,1200,326.0
ST1222,CZ,50.6299,15.512,Rural,10244,1800,292.0
ST1223,CZ,50.6215,13.2905,Rural,9807,1800,259.0
ST1224,CZ,50.7738,17.0616,Urban Hub,1650281,1200,42446.0
ST1225,CZ,50.4883,15.0344,Rural,8223,1800,189.0
ST1226,CZ,49.4254,14.1868,Rural,10508,1200,252.0
ST1227,CZ,48.8678,15.0329,Rural,23677,800,971.0
ST1228,CZ,49.1223,14.5502,Rural,312031,1200,14244.0
ST1229,CZ,49.7424,17.4702,Rural,7748,1200,306.0
ST1230,CZ,50.151,16.8258,Rural,30044,1200,706.0
ST1231,CZ,49.8936,15.2446,Rural,19492,1200,399.0
ST1232,CZ,49.464,16.0735,Rural,11082,1200,233.0
ST1233,CZ,50.5635,13.5559,Rural,16847,1800,267.0
ST1234,CZ,50.8968,19.5727,Rural,2144,2500,66.0
ST1235,CZ,50.2522,14.6204,Rural,9241,2500,221.0
ST1236,CZ,50.6025,15.8542,Rural,297945,2500,11551.0
ST1237,CZ,49.7416,16.3244,Rural,211795,1200,6600.0
ST1238,CZ,50.0888,14.9623,Rural,16370,1800,548.0
ST1239,CZ,49.7602,15.8051,Rural,21521,1200,428.0
ST1240,CZ,49.5653,16.3161,Rural,14151,2500,592.0
ST1241,CZ,49.7995,17.2949,Rural,214094,3500,9043.0
ST1242,CZ,49.9725,16.4501,Rural,2670,1800,97.0
ST1243,CZ,49.9061,17.498,Rural,142848,1200,3995.0
ST1244,CZ,49.8524,16.9071,Rural,58282,1200,2096.0
ST1245,CZ,50.6711,15.2227,Rural,2301,800,91.0
ST1246,CZ,51.6438,16.1197,Rural,20705,1200,847.0
ST1247,CZ,49.815,13.0913,Rural,13674,800,551.0
ST1248,CZ,49.6608,15.1766,Rural,8539,1800,192.0
ST1249,CZ,50.3728,16.1011,Rural,11615,1800,358.0
ST1250,CZ,49.2743,15.7121,Rural,28287,1800,1079.0
ST1251,CZ,48.0467,17.1389,Rural,24129,1800,1059.0
ST1252,CZ,48.6491,16.2713,Rural,13482,1200,301.0
ST1253,CZ,49.8773,15.0931,Rural,643,1800,30.0
ST1254,CZ,49.9578,16.0669,Rural,12692,2500,273.0
ST1255,CZ,48.6059,16.4191,Rural,81011,1200,2800.0
ST1256,CZ,49.236,12.8675,Rural,23768,1800,779.0
ST1257,CZ,50.1871,17.0981,Rural,6889,2500,221.0
ST1258,CZ,49.5989,16.3108,Rural,192810,1200,3909.0
ST1259,CZ,48.7287,15.2217,Rural,5227,1200,205.0
ST1260,CZ,49.5153,15.434,Rural,5930,1800,267.0
ST1261,CZ,49.8655,14.4038,Rural,31822,2500,771.0
ST1262,CZ,49.8485,16.8463,Rural,4836,2500,147.0
ST1263,CZ,49.8644,15.5657,Rural,213173,2500,4435.0
ST1264,CZ,49.7036,15.3936,Rural,5315,800,195.0
ST1265,CZ,49.1086,15.65,Rural,13323,2500,547.0
ST1266,CZ,50.3571,16.2827,Rural,69943,2500,2314.0
ST1267,CZ,49.1248,15.4022,Rural,22638,800,293.0
ST1268,CZ,49.9962,14.021,Rural,2606,2500,70.0
ST1269,CZ,48.997,14.7085,Rural,22145,1200,252.0
ST1270,CZ,49.967,16.5811,Rural,32903,800,1179.0
ST1271,CZ,50.5148,16.1948,Rural,4938,800,58.0
ST1272,CZ,50.1301,16.7633,Rural,11144,800,371.0
ST1273,CZ,50.3802,13.9236,Rural,13220,1200,264.0
ST1274,CZ,49.0817,14.9572,Rural,8915,1200,236.0
ST1275,CZ,49.4661,15.1139,Rural,14150,800,227.0
ST1276,CZ,49.1492,16.7189,Rural,4190,2500,61.0
ST1277,CZ,50.0722,13.7396,Rural,4959,1800,105.0
ST1278,CZ,48.2203,16.4102,Rural,52791,1800,1435.0
ST1279,CZ,49.1551,17.4494,Rural,23293,1800,721.0
ST1280,CZ,49.0217,15.2832,Rural,3106,1800,114.0
ST1281,SK,48.6524,18.2879,Rural,28232,1200,734.0
ST1282,SK,48.1117,18.1627,Rural,42078,1200,914.0
ST1283,SK,48.5786,20.7578,Rural,56835,2500,1022.0
ST1284,SK,48.6268,19.9167,Rural,149624,1800,3855.0
ST1285,SK,48.8772,20.6035,Rural,12317,1800,577.0
ST1286,SK,49.108,20.6959,Urban Hub,768904,1800,33272.0
ST1287,SK,48.7414,19.9897,Rural,16266,1800,553.0
ST1288,SK,48.5323,20.0742,Rural,63127,1200,2213.0
ST1289,SK,48.1557,22.5014,Rural,10606,1800,388.0
ST1290,SK,49.088,19.84,Rural,43934,2500,1648.0
ST1291,SK,48.9807,19.2329,Rural,69320,2500,2017.0
ST1292,SK,49.6221,19.7148,Rural,21669,3500,287.0
ST1293,SK,48.5983,20.8222,Rural,175378,1200,8662.0
ST1294,SK,48.5963,19.6583,Rural,1766,800,44.0
ST1295,SK,49.0807,20.9204,Rural,87064,800,2005.0
ST1296,SK,47.9482,18.316,Rural,22561,2500,900.0
ST1297,SK,49.6818,20.0352,Rural,12781,1200,644.0
ST1298,SK,48.4726,18.6754,Rural,74834,800,2501.0
ST1299,SK,48.395,20.7801,Rural,17822,1200,369.0
ST1300,SK,48.7126,19.8656,Rural,41889,1200,1392.0
ST1301,SK,48.6102,20.4791,Rural,2067,1200,41.0
ST1302,SK,48.344,20.4752,Rural,35825,2500,1023.0
ST1303,SK,49.3778,19.8666,Rural,56716,800,2463.0
ST1304,SK,48.4912,21.2591,Rural,50377,1200,435.0
ST1305,SK,48.7231,20.4489,Rural,207152,800,9594.0
ST1306,SK,48.4975,19.6294,Rural,31391,800,751.0
ST1307,SK,49.089,19.5557,Rural,18469,1800,285.0
ST1308,SK,48.4397,18.7363,Rural,28619,1800,684.0
ST1309,SK,49.186,19.8434,Rural,6376,1800,116.0
ST1310,SK,49.2453,19.9902,Rural,38639,2500,2056.0
ST1311,SK,48.9286,20.3316,Rural,562200,1800,9154.0
ST1312,SK,48.627,19.1939,Rural,4224,1800,43.0
ST1313,SK,48.895,19.7749,Rural,3395,1200,89.0
ST1314,SK,47.9635,18.0482,Rural,32484,1200,1046.0
ST1315,SK,48.6408,20.6819,Rural,39430,800,436.0
ST1316,SK,47.9414,20.8291,Rural,20688,1200,484.0
ST1317,SK,48.6499,19.9149,Rural,11052,800,387.0
ST1318,SK,48.9363,20.2265,Rural,13720,1200,413.0
ST1319,SK,48.6063,19.4721,Rural,33621,2500,339.0
ST1320,SK,48.8696,20.4167,Rural,5609,1200,196.0
ST1321,SK,48.5094,19.4928,Rural,148024,1800,3814.0
ST1322,SK,47.8023,20.8216,Rural,67929,1200,1879.0
ST1323,SK,48.5421,19.677,Rural,7881,1200,257.0
ST1324,SK,48.6942,18.882,Rural,218083,2500,4275.0
ST1325,SK,49.0336,20.6837,Rural,2956,1200,106.0
ST1326,SK,48.2265,19.0599,Rural,6535,3500,204.0
ST1327,SK,48.564,18.7252,Rural,5426,1200,187.0
ST1328,SK,48.5774,20.6486,Rural,9482,800,231.0
ST1329,SK,48.6627,20.0436,Rural,2554,800,120.0
ST1330,SK,49.6262,18.9166,Rural,64309,1200,1731.0
ST1331,SK,49.5661,17.2662,Rural,31964,1800,828.0
ST1332,SK,47.7881,21.0611,Rural,23627,2500,891.0
ST1333,SK,48.3775,20.4933,Rural,7092,1800,248.0
ST1334,SK,48.7787,18.7975,Rural,5121,1800,128.0
ST1335,SK,48.8192,20.2879,Rural,113546,1800,2904.0
ST1336,SK,48.3028,18.6061,Rural,12712,2500,284.0
ST1337,SK,48.497,20.2372,Rural,90791,1800,2295.0
ST1338,SK,48.6135,19.4613,Rural,16995,1800,458.0
ST1339,SK,48.7254,19.91,Rural,50687,1200,2057.0
ST1340,SK,48.8674,20.0839,Rural,13235,2500,363.0
ST1341,SK,48.034,21.008,Rural,50612,3500,982.0
ST1342,SK,48.1091,20.8351,Rural,121327,2500,2091.0
ST1343,SK,48.584,19.5202,Rural,10665,1800,482.0
ST1344,SK,49.6233,19.4099,Rural,17384,1800,449.0
ST1345,SK,48.6067,21.8712,Rural,192242,2500,6226.0
ST1346,SK,48.5501,21.4905,Rural,295540,2500,7862.0
ST1347,SK,48.9094,18.3131,Rural,156797,1800,3643.0
ST1348,SK,48.689,19.1191,Rural,4890,1200,78.0
ST1349,SK,48.3723,19.895,Rural,9610,800,321.0
ST1350,SK,49.141,20.2629,Rural,1161,1200,65.0
ST1351,SK,49.512,19.5328,Rural,105556,1800,3340.0
ST1352,SK,49.2231,18.6968,Rural,2178,2500,79.0
ST1353,SK,48.2742,20.6661,Rural,23139,2500,292.0
ST1354,SK,48.1616,21.5815,Rural,31351,1800,1237.0
ST1355,SK,49.2013,19.0038,Rural,49916,1800,633.0
ST1356,SK,48.4609,19.6408,Rural,6882,1200,233.0
ST1357,SK,49.2926,20.5983,Rural,7780,1800,196.0
ST1358,SK,48.2828,19.2301,Rural,35526,1800,1068.0
ST1359,SK,48.8675,21.5399,Rural,121928,1800,4615.0
ST1360,SK,48.5291,20.6037,Rural,10763,800,422.0
ST1361,SK,47.0122,19.2503,Rural,69276,800,2181.0
ST1362,SK,48.1273,19.6622,Rural,26931,1800,969.0
ST1363,SK,48.6912,18.9787,Rural,71268,1200,1722.0
ST1364,SK,48.3148,19.0724,Rural,2220,1200,47.0
ST1365,SK,49.1302,16.9327,Urban Hub,1292676,1800,57741.0
ST1366,SK,47.8046,18.0285,Rural,78925,3500,1252.0
ST1367,SK,48.9315,19.2092,Rural,219751,1200,2371.0
ST1368,SK,48.9396,19.5294,Rural,91046,2500,2666.0
ST1369,SK,49.3187,19.4423,Rural,150999,1200,4302.0
ST1370,SK,47.6496,19.6197,Rural,13386,1200,414.0
ST1371,HU,47.9186,19.447,Rural,89501,800,2934.0
ST1372,HU,48.044,19.5625,Rural,21409,800,829.0
ST1373,HU,48.1446,19.5114,Rural,41740,1200,1218.0
ST1374,HU,47.2571,20.3451,Rural,34534,1800,1112.0
ST1375,HU,46.8731,19.8838,Rural,23850,2500,711.0
ST1376,HU,48.3667,20.7197,Rural,76156,3500,2153.0
ST1377,HU,46.8386,17.3245,Rural,4967,2500,244.0
ST1378,HU,47.5168,20.6463,Rural,14929,1200,512.0
ST1379,HU,47.3504,19.4553,Rural,72409,800,2662.0
ST1380,HU,47.2183,18.9593,Rural,7364,2500,296.0
ST1381,HU,47.2713,21.1037,Rural,43890,1800,1120.0
ST1382,HU,47.3239,20.5295,Rural,1728,800,52.0
ST1383,HU,47.5949,19.5494,Rural,7823,1200,168.0
ST1384,HU,48.0448,18.9433,Rural,35755,1800,2149.0
ST1385,HU,47.2267,20.1281,Rural,7933,1200,86.0
ST1386,HU,47.1485,17.4465,Rural,8894,1800,236.0
ST1387,HU,46.5609,18.3496,Rural,4168,1800,160.0
ST1388,HU,47.2276,19.7306,Rural,16064,800,677.0
ST1389,HU,47.5026,19.2197,Rural,2776,1800,112.0
ST1390,HU,47.2767,19.2582,Rural,4410,800,164.0
ST1391,HU,46.9552,19.3992,Rural,11153,1200,228.0
ST1392,HU,46.5094,20.6521,Rural,3757,1800,132.0
ST1393,HU,47.2172,18.8578,Rural,20913,3500,921.0
ST1394,HU,47.031,18.9667,Rural,11551,1800,132.0
ST1395,HU,47.7387,19.0404,Rural,161235,800,7825.0
ST1396,HU,48.0908,20.1601,Rural,3477,1800,80.0
ST1397,HU,46.2936,18.4675,Urban Hub,857592,1200,31968.0
ST1398,HU,47.3068,19.5436,Rural,34429,1800,344.0
ST1399,HU,47.1055,20.7692,Rural,32611,1200,885.0
ST1400,HU,47.8432,18.3869,Rural,16109,1200,424.0
ST1401,HU,46.0086,18.3987,Rural,8599,1200,332.0
ST1402,HU,47.8446,19.1659,Rural,15137,1200,384.0
ST1403,HU,47.651,18.7316,Rural,40332,3500,1442.0
ST1404,HU,47.0682,19.0387,Rural,50685,1200,1689.0
ST1405,HU,47.8582,16.5913,Rural,3518,1800,84.0
ST1406,HU,48.1157,19.6395,Rural,1116,1800,40.0
ST1407,HU,47.5764,20.2833,Rural,149806,1800,5173.0
ST1408,HU,46.8426,20.238,Rural,14384,3500,402.0
ST1409,HU,47.4113,17.4862,Rural,26304,1200,925.0
ST1410,HU,46.5813,19.5774,Rural,8539,1800,258.0
ST1411,HU,46.9643,18.4878,Rural,114110,1200,2793.0
ST1412,HU,47.5823,18.8454,Rural,12531,1800,630.0
ST1413,HU,46.3816,22.0234,Rural,9087,1800,218.0
ST1414,HU,47.1755,18.2809,Rural,2419,1800,87.0
ST1415,HU,47.4298,21.46,Rural,73596,1800,2209.0
ST1416,HU,47.7653,19.26,Rural,443,2500,17.0
ST1417,HU,47.6886,19.6797,Rural,20451,3500,1109.0
ST1418,HU,48.1215,19.7055,Rural,2257,2500,91.0
ST1419,HU,47.1923,19.1343,Rural,2480,3500,49.0
ST1420,HU,47.3847,21.2765,Rural,12515,2500,291.0
ST1421,HU,47.974,18.8716,Rural,25645,1800,591.0
ST1422,HU,47.3449,19.2224,Rural,49937,1200,1297.0
ST1423,HU,47.2115,18.3941,Rural,95952,3500,3994.0
ST1424,HU,46.4192,19.6129,Rural,357757,1200,8762.0
ST1425,HU,47.4144,18.044,Rural,54480,1200,1870.0
ST1426,HU,47.0337,18.5313,Rural,168566,1800,8377.0
ST1427,HU,46.9548,20.2793,Rural,4868,1200,75.0
ST1428,HU,47.2877,20.0191,Rural,10655,800,339.0
ST1429,HU,46.685,21.9458,Rural,89730,2500,2115.0
ST1430,HU,46.3509,19.4658,Rural,6656,800,95.0
ST1431,HU,47.5306,18.595,Rural,16118,1200,325.0
ST1432,HU,47.3305,19.2729,Rural,50376,1200,2392.0
ST1433,HU,47.4069,19.7425,Rural,24399,1800,795.0
ST1434,HU,47.7229,19.2829,Rural,70867,2500,2914.0
ST1435,HU,47.1549,21.1089,Rural,13709,1800,474.0
ST1436,HU,46.3444,19.425,Rural,10051,1800,577.0
ST1437,HU,47.9879,19.5188,Rural,160233,2500,6526.0
ST1438,HU,47.0473,20.3187,Rural,86791,1800,1906.0
ST1439,HU,46.7625,20.3758,Rural,162340,1200,7879.0
ST1440,HU,47.9378,22.2268,Rural,3525,1800,69.0
ST1441,HU,48.0404,19.4978,Rural,6457,1800,101.0
ST1442,HU,47.2526,20.033,Rural,174956,1200,6949.0
ST1443,HU,47.053,19.7007,Rural,12857,1800,515.0
ST1444,HU,46.7528,20.4182,Rural,122346,1800,4631.0
ST1445,HU,47.004,19.5283,Rural,41441,1800,1450.0
ST1446,HU,47.5585,21.6375,Rural,7068,1800,227.0
ST1447,HU,46.6277,20.2411,Rural,13601,1200,271.0
ST1448,HU,47.5737,19.3765,Rural,398384,1200,6635.0
ST1449,HU,47.2203,20.2612,Rural,18380,1200,562.0
ST1450,HU,47.7514,18.454,Rural,27704,1200,587.0
ST1451,SI,46.4881,14.0652,Rural,1218,2500,41.0
ST1452,SI,45.7158,14.8632,Rural,4353,1800,186.0
ST1453,SI,46.2786,15.0545,Rural,26927,1200,593.0
ST1454,SI,45.9401,15.1256,Rural,27265,1200,484.0
ST1455,SI,46.2425,15.3319,Rural,281733,1200,8606.0
ST1456,SI,46.3802,15.5881,Rural,7514,1800,153.0
ST1457,SI,46.4185,13.6237,Rural,12046,1800,268.0
ST1458,SI,46.3431,15.6002,Rural,19523,1800,449.0
ST1459,SI,46.0276,14.9041,Rural,6704,2500,251.0
ST1460,SI,45.9673,15.0444,Rural,30189,1800,1553.0
ST1461,SI,45.7677,14.7577,Rural,500,3500,17.0
ST1462,SI,46.0077,15.3373,Rural,8691,1200,174.0
ST1463,SI,46.3573,14.6642,Rural,65085,3500,2830.0
ST1464,SI,46.222,14.5512,Rural,18286,1800,412.0
ST1465,SI,46.2595,15.0064,Rural,9004,1800,311.0
ST1466,SI,46.2127,14.8093,Rural,42213,800,1823.0
ST1467,SI,45.932,15.5794,Rural,475,1200,8.0
ST1468,SI,46.4526,15.3273,Rural,716,2500,17.0
ST1469,SI,46.3688,15.4552,Rural,111726,800,2898.0
ST1470,SI,46.3317,13.8779,Rural,57603,3500,1428.0
ST1471,SI,46.2898,14.5062,Rural,176464,1200,3638.0
ST1472,SI,46.2483,14.4442,Rural,3441,1800,119.0
ST1473,SI,45.8982,14.8711,Rural,6587,1200,169.0
ST1474,SI,46.0764,14.4721,Rural,40185,1200,1166.0
ST1475,SI,46.0715,14.8944,Rural,3440,2500,99.0
ST1476,SI,46.5154,15.2739,Rural,18004,1200,400.0
ST1477,SI,45.9102,14.4894,Rural,90966,1800,1369.0
ST1478,SI,46.2087,14.635,Rural,2695,1800,111.0
ST1479,SI,46.3108,14.4503,Rural,5084,1200,126.0
ST1480,SI,45.9116,14.8445,Rural,10266,1800,184.0
ST1481,SI,46.1265,15.2539,Rural,8190,2500,189.0
ST1482,SI,46.3475,15.2407,Rural,884,1800,33.0
ST1483,SI,45.995,13.8607,Rural,8964,1200,207.0
ST1484,SI,46.1659,14.7783,Rural,37630,1800,820.0
ST1485,SI,45.743,14.446,Rural,43458,1200,1663.0
ST1486,SI,46.4518,15.0095,Rural,8852,1800,272.0
ST1487,SI,46.2007,14.2979,Rural,47213,1200,1599.0
ST1488,SI,46.3061,14.4262,Rural,171665,2500,7041.0
ST1489,SI,46.113,14.9636,Rural,50886,1200,1188.0
ST1490,SI,46.1731,15.5667,Rural,2815,1800,108.0
ST1491,SI,46.1718,14.7217,Rural,31592,2500,487.0
ST1492,SI,46.0008,15.3077,Rural,25232,1800,1336.0
ST1493,SI,45.7819,15.2565,Rural,1186,3500,33.0
ST1494,SI,46.0328,15.304,Rural,58252,2500,1026.0
ST1495,SI,46.1222,14.1096,Rural,5791,1800,239.0
ST1496,SI,46.0937,14.062,Rural,21925,1800,710.0
ST1497,SI,45.9846,14.248,Rural,119330,800,2055.0
ST1498,SI,45.923,15.8452,Rural,77692,1800,2482.0
ST1499,SI,46.2598,14.5736,Rural,119999,3500,4531.0
ST1500,SI,46.1955,13.9551,Rural,770,2500,7.0
